symbol,interval,month,status,checksum_http_status,checksum,url,checked_at_utc,attempt,error
DOTUSDT,1d,2026-04,AVAILABLE,200,60da39a6abbb98e2780d39d4881c0af310a97b51486287ec4af1eb19c909c42b,https://data.binance.vision/data/futures/um/monthly/klines/DOTUSDT/1d/DOTUSDT-1d-2026-04.zip,2026-08-23T12:47:32.014326+00:00,1,
DOTUSDT,1d,2026-05,AVAILABLE,200,2bcc586de6fc89b03cb30d3f6c56290340797ef33014e725e0915521270f8617,https://data.binance.vision/data/futures/um/monthly/klines/DOTUSDT/1d/DOTUSDT-1d-2026-05.zip,2026-08-23T12:47:31.812289+00:00,1,
DOTUSDT,1d,2026-06,AVAILABLE,200,97c20212243db2a019a647e3fe5e7a898d4ef23cecbfd80add97dc3bb6c11512,https://data.binance.vision/data/futures/um/monthly/klines/DOTUSDT/1d/DOTUSDT-1d-2026-06.zip,2026-08-23T12:47:31.864745+00:00,1,
DOTUSDT,1d,2026-07,AVAILABLE,200,ebc5bef5ee52cbe4047bee66b3022527fcb607094954b09b16ea6e8bdfad0a4b,https://data.binance.vision/data/futures/um/monthly/klines/DOTUSDT/1d/DOTUSDT-1d-2026-07.zip,2026-08-23T12:47:31.831678+00:00,1,
DOTUSDT,4h,2026-04,AVAILABLE,200,a43301ec071c4d295426a92b3487b1f6cf5a1e38a3b18847a96afb0218db55ce,https://data.binance.vision/data/futures/um/monthly/klines/DOTUSDT/4h/DOTUSDT-4h-2026-04.zip,2026-08-23T12:47:31.490666+00:00,1,
DOTUSDT,4h,2026-05,AVAILABLE,200,76d495d65cb7f1adf87da8daefda20ad7090e0a8209f6711a9c28716d82e7dd1,https://data.binance.vision/data/futures/um/monthly/klines/DOTUSDT/4h/DOTUSDT-4h-2026-05.zip,2026-08-23T12:47:31.667572+00:00,1,
DOTUSDT,4h,2026-06,AVAILABLE,200,225b274ca4218f84c5df6dd4ada0c09f030d8b824ff478a3bf373ccc10e33ece,https://data.binance.vision/data/futures/um/monthly/klines/DOTUSDT/4h/DOTUSDT-4h-2026-06.zip,2026-08-23T12:47:31.666972+00:00,1,
DOTUSDT,4h,2026-07,AVAILABLE,200,de1f8251e857ae2c42a5d291c1dcb04083e2d2b953cbe0d798d76b1d6ebd8e42,https://data.binance.vision/data/futures/um/monthly/klines/DOTUSDT/4h/DOTUSDT-4h-2026-07.zip,2026-08-23T12:47:31.849506+00:00,1,
DOTUSDT,1h,2026-04,AVAILABLE,200,f010c64ddf6d2718dea21588c19f2c99ff485a82f3e477a7acf019e3f72e7a8e,https://data.binance.vision/data/futures/um/monthly/klines/DOTUSDT/1h/DOTUSDT-1h-2026-04.zip,2026-08-23T12:47:31.997673+00:00,1,
DOTUSDT,1h,2026-05,AVAILABLE,200,f7ae722476e3268156063e84d516992a4db4173a09cd56de979a5cfe1083938e,https://data.binance.vision/data/futures/um/monthly/klines/DOTUSDT/1h/DOTUSDT-1h-2026-05.zip,2026-08-23T12:47:31.660522+00:00,1,
DOTUSDT,1h,2026-06,AVAILABLE,200,4b24eb0e18c34cfb5cc89331f34783f555db861040722d519496cb0249205b9c,https://data.binance.vision/data/futures/um/monthly/klines/DOTUSDT/1h/DOTUSDT-1h-2026-06.zip,2026-08-23T12:47:32.021278+00:00,1,
DOTUSDT,1h,2026-07,AVAILABLE,200,d5d117fe359e141b178aa98acae39f6380aefcd00af22d5a24f230cda6584b85,https://data.binance.vision/data/futures/um/monthly/klines/DOTUSDT/1h/DOTUSDT-1h-2026-07.zip,2026-08-23T12:47:32.006435+00:00,1,
DOTUSDT,15m,2026-04,AVAILABLE,200,3070a497c4314a7bd9d49dbad9dc68cc32537fb9609d27893b4dec6743ea9a7c,https://data.binance.vision/data/futures/um/monthly/klines/DOTUSDT/15m/DOTUSDT-15m-2026-04.zip,2026-08-23T12:47:31.664084+00:00,1,
DOTUSDT,15m,2026-05,AVAILABLE,200,5614d37f9e2ac552c6b46519666caf7ce6b2933d34fadf3b6636e9709eff8937,https://data.binance.vision/data/futures/um/monthly/klines/DOTUSDT/15m/DOTUSDT-15m-2026-05.zip,2026-08-23T12:47:32.019712+00:00,1,
DOTUSDT,15m,2026-06,AVAILABLE,200,7ef76a84f00085ca4464da3c56ef7970ded2ebaca6bee16f9cd19b577a957b5e,https://data.binance.vision/data/futures/um/monthly/klines/DOTUSDT/15m/DOTUSDT-15m-2026-06.zip,2026-08-23T12:47:32.021459+00:00,1,
DOTUSDT,15m,2026-07,AVAILABLE,200,8a556406f8da8aceaea9a154f34c7427ec39fbf04580d90d456bee0b696caaf1,https://data.binance.vision/data/futures/um/monthly/klines/DOTUSDT/15m/DOTUSDT-15m-2026-07.zip,2026-08-23T12:47:31.922121+00:00,1,
DOTUSDT,5m,2026-04,AVAILABLE,200,7cf7ba7d393ef5ad7edb536ad2ad9b77980938cba9458049121b8d2873ca3f6f,https://data.binance.vision/data/futures/um/monthly/klines/DOTUSDT/5m/DOTUSDT-5m-2026-04.zip,2026-08-23T12:47:31.921012+00:00,1,
DOTUSDT,5m,2026-05,AVAILABLE,200,50535f970083e005402d5b552fbf248ff60794f60027227841a8cf3ce5a578ed,https://data.binance.vision/data/futures/um/monthly/klines/DOTUSDT/5m/DOTUSDT-5m-2026-05.zip,2026-08-23T12:47:31.728046+00:00,1,
DOTUSDT,5m,2026-06,AVAILABLE,200,d1284559b4b7d72d0733ff9e37792e1c54a1be4d083724caead0c62da404879a,https://data.binance.vision/data/futures/um/monthly/klines/DOTUSDT/5m/DOTUSDT-5m-2026-06.zip,2026-08-23T12:47:32.020680+00:00,1,
DOTUSDT,5m,2026-07,AVAILABLE,200,c9de274015ede5b75d29fc787b90e1f41e286aee204b9f4061e09f847d2d5e45,https://data.binance.vision/data/futures/um/monthly/klines/DOTUSDT/5m/DOTUSDT-5m-2026-07.zip,2026-08-23T12:47:32.000503+00:00,1,
DOTUSDT,1m,2026-04,AVAILABLE,200,d5b2d13508d25672a2b3a9ec206d4a12e62afb1b4fca3cabcac9190ecffdaff9,https://data.binance.vision/data/futures/um/monthly/klines/DOTUSDT/1m/DOTUSDT-1m-2026-04.zip,2026-08-23T12:47:31.853873+00:00,1,
DOTUSDT,1m,2026-05,AVAILABLE,200,01a999857561a08722ed2d408192b3464bef79a0cbb404d326d74b3971bdfa36,https://data.binance.vision/data/futures/um/monthly/klines/DOTUSDT/1m/DOTUSDT-1m-2026-05.zip,2026-08-23T12:47:31.669186+00:00,1,
DOTUSDT,1m,2026-06,AVAILABLE,200,3280550ec42388f42704fc94bbd5de6ab228faabdeab62982c848187852e044d,https://data.binance.vision/data/futures/um/monthly/klines/DOTUSDT/1m/DOTUSDT-1m-2026-06.zip,2026-08-23T12:47:31.676525+00:00,1,
DOTUSDT,1m,2026-07,AVAILABLE,200,6b86ea2be4a1580a9883e9c6663c5bcb0c0bd6dc0fe019bba25109f113240f19,https://data.binance.vision/data/futures/um/monthly/klines/DOTUSDT/1m/DOTUSDT-1m-2026-07.zip,2026-08-23T12:47:32.002728+00:00,1,
HBARUSDT,1d,2026-04,AVAILABLE,200,4d7704f9f69c4090b1b7071ebe99f6d90bd55ef9d0b34a0867bfaa86cbc25170,https://data.binance.vision/data/futures/um/monthly/klines/HBARUSDT/1d/HBARUSDT-1d-2026-04.zip,2026-08-23T12:47:31.697903+00:00,1,
HBARUSDT,1d,2026-05,AVAILABLE,200,eb7e1efaf34cf05b16be50e1f8915ab39cd6dbc36ea0e03ad95e9b03a83f2238,https://data.binance.vision/data/futures/um/monthly/klines/HBARUSDT/1d/HBARUSDT-1d-2026-05.zip,2026-08-23T12:47:32.016213+00:00,1,
HBARUSDT,1d,2026-06,AVAILABLE,200,30ea913d08a2edf1a438cb978cb992ba8968b8233ed1d7ec78c5a0b2da9695e1,https://data.binance.vision/data/futures/um/monthly/klines/HBARUSDT/1d/HBARUSDT-1d-2026-06.zip,2026-08-23T12:47:32.214251+00:00,1,
HBARUSDT,1d,2026-07,AVAILABLE,200,1b02198177c2bb8fa509ba436f095c9f4ff7e2c3765d9346fce3a871b170cb9e,https://data.binance.vision/data/futures/um/monthly/klines/HBARUSDT/1d/HBARUSDT-1d-2026-07.zip,2026-08-23T12:47:32.219864+00:00,1,
HBARUSDT,4h,2026-04,AVAILABLE,200,d485ad7642a25918a2413e9ec7b3d28757a92e5ab0913c3e130bd40bb3ffcc89,https://data.binance.vision/data/futures/um/monthly/klines/HBARUSDT/4h/HBARUSDT-4h-2026-04.zip,2026-08-23T12:47:32.223589+00:00,1,
HBARUSDT,4h,2026-05,AVAILABLE,200,83c80abe333d965e5f147fcf7153cb38772df2ac889682dc9721d176e98e416f,https://data.binance.vision/data/futures/um/monthly/klines/HBARUSDT/4h/HBARUSDT-4h-2026-05.zip,2026-08-23T12:47:32.217123+00:00,1,
HBARUSDT,4h,2026-06,AVAILABLE,200,51a6e6a57570fddd04918aed176742c5d17a5b0b159c8adcf94f5e07aec017d8,https://data.binance.vision/data/futures/um/monthly/klines/HBARUSDT/4h/HBARUSDT-4h-2026-06.zip,2026-08-23T12:47:32.414015+00:00,1,
HBARUSDT,4h,2026-07,AVAILABLE,200,d23d48e5983a46f6684baa5daa3e2263474d5d6df5f26389dde6823966252909,https://data.binance.vision/data/futures/um/monthly/klines/HBARUSDT/4h/HBARUSDT-4h-2026-07.zip,2026-08-23T12:47:32.065442+00:00,1,
HBARUSDT,1h,2026-04,AVAILABLE,200,37f74671e0a40e0ccdc76f30eebd06d4c354918b8576eef8a2dca3d575fab08d,https://data.binance.vision/data/futures/um/monthly/klines/HBARUSDT/1h/HBARUSDT-1h-2026-04.zip,2026-08-23T12:47:32.415745+00:00,1,
HBARUSDT,1h,2026-05,AVAILABLE,200,73d9361774c5c66d6d585e45b94419036aacb7b4d396d740979405eb0c25f718,https://data.binance.vision/data/futures/um/monthly/klines/HBARUSDT/1h/HBARUSDT-1h-2026-05.zip,2026-08-23T12:47:32.217912+00:00,1,
HBARUSDT,1h,2026-06,AVAILABLE,200,79ed5eb372342c27e05918858343275db68c4b52643fcf3b91a637648170e5c3,https://data.binance.vision/data/futures/um/monthly/klines/HBARUSDT/1h/HBARUSDT-1h-2026-06.zip,2026-08-23T12:47:32.418988+00:00,1,
HBARUSDT,1h,2026-07,AVAILABLE,200,1c763ca960172a968f7b2caf05b3343c415289888edbce81aa5b7f61b61895c7,https://data.binance.vision/data/futures/um/monthly/klines/HBARUSDT/1h/HBARUSDT-1h-2026-07.zip,2026-08-23T12:47:32.415578+00:00,1,
HBARUSDT,15m,2026-04,AVAILABLE,200,b28499cc7481ace5b282b53594b722139e23bf8f51d8ccc435ebb45a3083897f,https://data.binance.vision/data/futures/um/monthly/klines/HBARUSDT/15m/HBARUSDT-15m-2026-04.zip,2026-08-23T12:47:32.061581+00:00,1,
HBARUSDT,15m,2026-05,AVAILABLE,200,c3348856e9f6c63ed53ebc2d3356d7d2cbeb60760d6ae77cc49190a198e45d7b,https://data.binance.vision/data/futures/um/monthly/klines/HBARUSDT/15m/HBARUSDT-15m-2026-05.zip,2026-08-23T12:47:32.191190+00:00,1,
HBARUSDT,15m,2026-06,AVAILABLE,200,c88c461542da3f2c443fcdc74654b75b6f74b5b22b170050e45e916a46699ae4,https://data.binance.vision/data/futures/um/monthly/klines/HBARUSDT/15m/HBARUSDT-15m-2026-06.zip,2026-08-23T12:47:32.303445+00:00,1,
HBARUSDT,15m,2026-07,AVAILABLE,200,2fd29e5c4f17a34caa0dfcba1c101a26405b5e056a7145eaf7a1c1e15207c762,https://data.binance.vision/data/futures/um/monthly/klines/HBARUSDT/15m/HBARUSDT-15m-2026-07.zip,2026-08-23T12:47:32.217742+00:00,1,
HBARUSDT,5m,2026-04,AVAILABLE,200,5f0fa1be50b236ae61883a1b3607f97a57f8219cf77c2f76691e0a0846aca222,https://data.binance.vision/data/futures/um/monthly/klines/HBARUSDT/5m/HBARUSDT-5m-2026-04.zip,2026-08-23T12:47:32.596387+00:00,1,
HBARUSDT,5m,2026-05,AVAILABLE,200,a07a7a5b1737eb79a4c75f51af394adeef8fde466d31ac9169bc7b99c3becf0d,https://data.binance.vision/data/futures/um/monthly/klines/HBARUSDT/5m/HBARUSDT-5m-2026-05.zip,2026-08-23T12:47:32.967159+00:00,1,
HBARUSDT,5m,2026-06,AVAILABLE,200,5a26b42e821f2b1081b7ba363eb3e7253816247eb22597999942a0f6b9703307,https://data.binance.vision/data/futures/um/monthly/klines/HBARUSDT/5m/HBARUSDT-5m-2026-06.zip,2026-08-23T12:47:32.611762+00:00,1,
HBARUSDT,5m,2026-07,AVAILABLE,200,46df94c05892e6c740a10764e8f350849ab7d7211478c9152278322701b2c188,https://data.binance.vision/data/futures/um/monthly/klines/HBARUSDT/5m/HBARUSDT-5m-2026-07.zip,2026-08-23T12:47:32.605150+00:00,1,
HBARUSDT,1m,2026-04,AVAILABLE,200,c03a76131479d7ca4032a2261f2f91e6dec9dd540fba91e6d522d5ab1f7d924d,https://data.binance.vision/data/futures/um/monthly/klines/HBARUSDT/1m/HBARUSDT-1m-2026-04.zip,2026-08-23T12:47:32.952245+00:00,1,
HBARUSDT,1m,2026-05,AVAILABLE,200,8f4eb35a6be851fc97795dafcfaa9d3af243b4914e435baa5e7ce7e8a28f3951,https://data.binance.vision/data/futures/um/monthly/klines/HBARUSDT/1m/HBARUSDT-1m-2026-05.zip,2026-08-23T12:47:32.610421+00:00,1,
HBARUSDT,1m,2026-06,AVAILABLE,200,d4e34e6e86e3c7fa2107a487c5bfbf18b89575599d0c53f80aef6a171554d927,https://data.binance.vision/data/futures/um/monthly/klines/HBARUSDT/1m/HBARUSDT-1m-2026-06.zip,2026-08-23T12:47:32.947477+00:00,1,
HBARUSDT,1m,2026-07,AVAILABLE,200,b882eb5763a1f1f11565369ede0d4c0e29ef2e46b5a8786daa3cb2c272a9f788,https://data.binance.vision/data/futures/um/monthly/klines/HBARUSDT/1m/HBARUSDT-1m-2026-07.zip,2026-08-23T12:47:32.609401+00:00,1,
TRXUSDT,1d,2026-04,AVAILABLE,200,381c2abe142da8515e7ad2a5b6e2b1ef3832275f9af35b157f5d248e866b0189,https://data.binance.vision/data/futures/um/monthly/klines/TRXUSDT/1d/TRXUSDT-1d-2026-04.zip,2026-08-23T12:47:32.603964+00:00,1,
TRXUSDT,1d,2026-05,AVAILABLE,200,3a08d491ea0a6a5907c1f803454657b8ce5242936a2c8df96d4626417707dfce,https://data.binance.vision/data/futures/um/monthly/klines/TRXUSDT/1d/TRXUSDT-1d-2026-05.zip,2026-08-23T12:47:32.613535+00:00,1,
TRXUSDT,1d,2026-06,AVAILABLE,200,12f477f8835dcd6326136f44dbf5dda4d09dd359fe79319a73417261db62cc01,https://data.binance.vision/data/futures/um/monthly/klines/TRXUSDT/1d/TRXUSDT-1d-2026-06.zip,2026-08-23T12:47:32.952809+00:00,1,
TRXUSDT,1d,2026-07,AVAILABLE,200,00356ae6c0fba143a7850d7cc59964a52dcd7aed6ef669086f41bfc452b80ebe,https://data.binance.vision/data/futures/um/monthly/klines/TRXUSDT/1d/TRXUSDT-1d-2026-07.zip,2026-08-23T12:47:32.942288+00:00,1,
TRXUSDT,4h,2026-04,AVAILABLE,200,be23fa9f499beb0a918ad8a66004b71c0893dd6f570374f3b6da4aaba568a5cf,https://data.binance.vision/data/futures/um/monthly/klines/TRXUSDT/4h/TRXUSDT-4h-2026-04.zip,2026-08-23T12:47:32.605405+00:00,1,
TRXUSDT,4h,2026-05,AVAILABLE,200,6ed596ab9188a4adcca47da8882bd7270897b3d3c2fb247ccc018f96b99daed7,https://data.binance.vision/data/futures/um/monthly/klines/TRXUSDT/4h/TRXUSDT-4h-2026-05.zip,2026-08-23T12:47:32.614267+00:00,1,
TRXUSDT,4h,2026-06,AVAILABLE,200,425c1ed47cba73695e0b52316392cb831d9bb0fb0ad54d02f34a4e15bb1c1cd9,https://data.binance.vision/data/futures/um/monthly/klines/TRXUSDT/4h/TRXUSDT-4h-2026-06.zip,2026-08-23T12:47:32.611037+00:00,1,
TRXUSDT,4h,2026-07,AVAILABLE,200,8f90cf347b353c9363f725e70c07ec24347e16941081dad3dee289644273b85f,https://data.binance.vision/data/futures/um/monthly/klines/TRXUSDT/4h/TRXUSDT-4h-2026-07.zip,2026-08-23T12:47:32.609242+00:00,1,
TRXUSDT,1h,2026-04,AVAILABLE,200,6928deff5ceca78de609592bee7240bc581c1c08845cfa381b77a88258b6e110,https://data.binance.vision/data/futures/um/monthly/klines/TRXUSDT/1h/TRXUSDT-1h-2026-04.zip,2026-08-23T12:47:32.604414+00:00,1,
TRXUSDT,1h,2026-05,AVAILABLE,200,bf3bee79539eef9517284a1eba3137dacc5b7228fa4bca0626094531d9f60862,https://data.binance.vision/data/futures/um/monthly/klines/TRXUSDT/1h/TRXUSDT-1h-2026-05.zip,2026-08-23T12:47:32.611163+00:00,1,
TRXUSDT,1h,2026-06,AVAILABLE,200,9878a38bae598b468264725f9910ed68d9371e5045376c9ff63d13fd3f32ac9a,https://data.binance.vision/data/futures/um/monthly/klines/TRXUSDT/1h/TRXUSDT-1h-2026-06.zip,2026-08-23T12:47:32.600056+00:00,1,
TRXUSDT,1h,2026-07,AVAILABLE,200,06d306e4b14d6d12a2b15edb00d8dc833111948ecbb502cfd093ab628cc9188a,https://data.binance.vision/data/futures/um/monthly/klines/TRXUSDT/1h/TRXUSDT-1h-2026-07.zip,2026-08-23T12:47:32.607848+00:00,1,
TRXUSDT,15m,2026-04,AVAILABLE,200,c7252c61c349ad111ce1692c2d0d94b5d1de373fe9802c3c892d6aed0fa7c481,https://data.binance.vision/data/futures/um/monthly/klines/TRXUSDT/15m/TRXUSDT-15m-2026-04.zip,2026-08-23T12:47:32.780284+00:00,1,
TRXUSDT,15m,2026-05,AVAILABLE,200,81142ce2dba78ff63c5106ae8171e5a80110ffc90dea8b8c26d5e0868701732e,https://data.binance.vision/data/futures/um/monthly/klines/TRXUSDT/15m/TRXUSDT-15m-2026-05.zip,2026-08-23T12:47:32.803314+00:00,1,
TRXUSDT,15m,2026-06,AVAILABLE,200,c4f5ee79c9f7f7c7170f0fc3bbaefe88090d628371d70b17f007b2e3d1bc92e1,https://data.binance.vision/data/futures/um/monthly/klines/TRXUSDT/15m/TRXUSDT-15m-2026-06.zip,2026-08-23T12:47:32.619121+00:00,1,
TRXUSDT,15m,2026-07,AVAILABLE,200,61227357ab5a39a7c8a96d21a79daece70dc7cc9a52414aceb84e00862f09349,https://data.binance.vision/data/futures/um/monthly/klines/TRXUSDT/15m/TRXUSDT-15m-2026-07.zip,2026-08-23T12:47:32.954873+00:00,1,
TRXUSDT,5m,2026-04,AVAILABLE,200,48ba40c576a7dc43a6bceeba2aa9a3e154aff54fcd40088a1e64bd44fc5555fc,https://data.binance.vision/data/futures/um/monthly/klines/TRXUSDT/5m/TRXUSDT-5m-2026-04.zip,2026-08-23T12:47:32.881228+00:00,1,
TRXUSDT,5m,2026-05,AVAILABLE,200,5b9d6c9c1f89195deea652c3c4f2d00b92a0e14be08f2d189bbce9605ecaa6a4,https://data.binance.vision/data/futures/um/monthly/klines/TRXUSDT/5m/TRXUSDT-5m-2026-05.zip,2026-08-23T12:47:32.884822+00:00,1,
TRXUSDT,5m,2026-06,AVAILABLE,200,f5943861c3c9c8b2c2cb6fef3ab7a4f00bc935c51f5038dfee321a672735b1b5,https://data.binance.vision/data/futures/um/monthly/klines/TRXUSDT/5m/TRXUSDT-5m-2026-06.zip,2026-08-23T12:47:32.883518+00:00,1,
TRXUSDT,5m,2026-07,AVAILABLE,200,b1eb75ecf4cd2876771de61a8283a8b1171c3edcf3a7c7712c7495212df82bc4,https://data.binance.vision/data/futures/um/monthly/klines/TRXUSDT/5m/TRXUSDT-5m-2026-07.zip,2026-08-23T12:47:32.881651+00:00,1,
TRXUSDT,1m,2026-04,AVAILABLE,200,b44781c6e24c5aad44168b62a0a2232c8903523053793796c50aa54c564e0d56,https://data.binance.vision/data/futures/um/monthly/klines/TRXUSDT/1m/TRXUSDT-1m-2026-04.zip,2026-08-23T12:47:32.889998+00:00,1,
TRXUSDT,1m,2026-05,AVAILABLE,200,06e00dda918f0fa9200617ed5a27beac4a292925c3cc74623c756ddd6adff8ed,https://data.binance.vision/data/futures/um/monthly/klines/TRXUSDT/1m/TRXUSDT-1m-2026-05.zip,2026-08-23T12:47:33.143088+00:00,1,
TRXUSDT,1m,2026-06,AVAILABLE,200,a773f127c61bec2ad4e73148038bfcc1b060ad459df654c177a6b260f119e0fd,https://data.binance.vision/data/futures/um/monthly/klines/TRXUSDT/1m/TRXUSDT-1m-2026-06.zip,2026-08-23T12:47:32.887454+00:00,1,
TRXUSDT,1m,2026-07,AVAILABLE,200,81c5c17db1c7c11af9455b2b3318ffa6ed14604cede31d1d28d6ce5b7adb8ca1,https://data.binance.vision/data/futures/um/monthly/klines/TRXUSDT/1m/TRXUSDT-1m-2026-07.zip,2026-08-23T12:47:33.232909+00:00,1,
WIFUSDT,1d,2026-04,AVAILABLE,200,430390e8941c1b9982614f690e2f753a5ac10a86d7e432692ea7b263a3f6995b,https://data.binance.vision/data/futures/um/monthly/klines/WIFUSDT/1d/WIFUSDT-1d-2026-04.zip,2026-08-23T12:47:32.895092+00:00,1,
WIFUSDT,1d,2026-05,AVAILABLE,200,10768d952d7a0e0bfd413d7ed7e87e91ceb92fcf53b8784915ae093933f94bd8,https://data.binance.vision/data/futures/um/monthly/klines/WIFUSDT/1d/WIFUSDT-1d-2026-05.zip,2026-08-23T12:47:32.884310+00:00,1,
WIFUSDT,1d,2026-06,AVAILABLE,200,43984c136dbe3dba76c14584d2c119aee157802587c49503e5b5a6636e19dc7a,https://data.binance.vision/data/futures/um/monthly/klines/WIFUSDT/1d/WIFUSDT-1d-2026-06.zip,2026-08-23T12:47:32.880625+00:00,1,
WIFUSDT,1d,2026-07,AVAILABLE,200,69223dab5b45829d0d44f23b7489ffd1bf915d8b6b5de264e6a809c70773242a,https://data.binance.vision/data/futures/um/monthly/klines/WIFUSDT/1d/WIFUSDT-1d-2026-07.zip,2026-08-23T12:47:33.234675+00:00,1,
WIFUSDT,4h,2026-04,AVAILABLE,200,cb5ecee20683f59d60fc5ea4a074e00f59bbedb99ec3aba49a13931f8357772d,https://data.binance.vision/data/futures/um/monthly/klines/WIFUSDT/4h/WIFUSDT-4h-2026-04.zip,2026-08-23T12:47:32.889567+00:00,1,
WIFUSDT,4h,2026-05,AVAILABLE,200,6c9b5dc6d0d596e1bc5b254398c74721db5f404f1cbb7eae185fd77b4ab59784,https://data.binance.vision/data/futures/um/monthly/klines/WIFUSDT/4h/WIFUSDT-4h-2026-05.zip,2026-08-23T12:47:32.892363+00:00,1,
WIFUSDT,4h,2026-06,AVAILABLE,200,e07b4db2610559a688d673d9698bce74e66a8751d940f8410e324cd92c5d0fc0,https://data.binance.vision/data/futures/um/monthly/klines/WIFUSDT/4h/WIFUSDT-4h-2026-06.zip,2026-08-23T12:47:32.887006+00:00,1,
WIFUSDT,4h,2026-07,AVAILABLE,200,2a57291367f8b9ef4596490615ce64bca1c3d1c26e9784305bf11098592b1739,https://data.binance.vision/data/futures/um/monthly/klines/WIFUSDT/4h/WIFUSDT-4h-2026-07.zip,2026-08-23T12:47:33.240785+00:00,1,
WIFUSDT,1h,2026-04,AVAILABLE,200,0bae11cad4ee71d34e27ae6f4d7e9c876739e0310c1cddebd374b179ff945c22,https://data.binance.vision/data/futures/um/monthly/klines/WIFUSDT/1h/WIFUSDT-1h-2026-04.zip,2026-08-23T12:47:33.314104+00:00,1,
WIFUSDT,1h,2026-05,AVAILABLE,200,2ce0a70ddf614c8e2ecc4b8be8346332c2f70d919fda4a1ba1594925569dea37,https://data.binance.vision/data/futures/um/monthly/klines/WIFUSDT/1h/WIFUSDT-1h-2026-05.zip,2026-08-23T12:47:33.312530+00:00,1,
WIFUSDT,1h,2026-06,AVAILABLE,200,d4caaeed00ef413841168663314e6197e64595ec347c82ca7999d7d630ec160f,https://data.binance.vision/data/futures/um/monthly/klines/WIFUSDT/1h/WIFUSDT-1h-2026-06.zip,2026-08-23T12:47:33.320202+00:00,1,
WIFUSDT,1h,2026-07,AVAILABLE,200,1765f88bb55281d538b6978e74014b980eec66b75b4052d5d2e8fc876c863b1d,https://data.binance.vision/data/futures/um/monthly/klines/WIFUSDT/1h/WIFUSDT-1h-2026-07.zip,2026-08-23T12:47:33.588172+00:00,1,
WIFUSDT,15m,2026-04,AVAILABLE,200,ded8af86907d82776761d005da904841202594c6b383f2a79e6e1e92fc90e7a5,https://data.binance.vision/data/futures/um/monthly/klines/WIFUSDT/15m/WIFUSDT-15m-2026-04.zip,2026-08-23T12:47:33.305520+00:00,1,
WIFUSDT,15m,2026-05,AVAILABLE,200,9697ac4695537fe856356e872b81f5f0038a86f670d55466a51385e8c4fd40f0,https://data.binance.vision/data/futures/um/monthly/klines/WIFUSDT/15m/WIFUSDT-15m-2026-05.zip,2026-08-23T12:47:33.313863+00:00,1,
WIFUSDT,15m,2026-06,AVAILABLE,200,82f127f3be3852202ae8862d58a60068b669f2a7785ed3038a558518c5e26185,https://data.binance.vision/data/futures/um/monthly/klines/WIFUSDT/15m/WIFUSDT-15m-2026-06.zip,2026-08-23T12:47:33.316464+00:00,1,
WIFUSDT,15m,2026-07,AVAILABLE,200,38dccafe8d9b78a2d89500176b0202892f7211625c38b129868e854fd75c7cb4,https://data.binance.vision/data/futures/um/monthly/klines/WIFUSDT/15m/WIFUSDT-15m-2026-07.zip,2026-08-23T12:47:33.311438+00:00,1,
WIFUSDT,5m,2026-04,AVAILABLE,200,cf246543e92bbd8d48755bc046219fee41fe2b5db435cef3d4f7d25ec8301846,https://data.binance.vision/data/futures/um/monthly/klines/WIFUSDT/5m/WIFUSDT-5m-2026-04.zip,2026-08-23T12:47:33.316981+00:00,1,
WIFUSDT,5m,2026-05,AVAILABLE,200,890308612eb84a1b0c0c9ac9e2e663cd57d631d6c8cc489b8b97eed82f92392d,https://data.binance.vision/data/futures/um/monthly/klines/WIFUSDT/5m/WIFUSDT-5m-2026-05.zip,2026-08-23T12:47:33.312292+00:00,1,
WIFUSDT,5m,2026-06,AVAILABLE,200,e44ea3f2d0c92179332dc11f039889a69d1157a4eed00ae7004dd8b46eea96dd,https://data.binance.vision/data/futures/um/monthly/klines/WIFUSDT/5m/WIFUSDT-5m-2026-06.zip,2026-08-23T12:47:33.506503+00:00,1,
WIFUSDT,5m,2026-07,AVAILABLE,200,c49ab0272232f139ae730144bab049328438e42817597801d0c7ffd9ca75fa6e,https://data.binance.vision/data/futures/um/monthly/klines/WIFUSDT/5m/WIFUSDT-5m-2026-07.zip,2026-08-23T12:47:33.426700+00:00,1,
WIFUSDT,1m,2026-04,AVAILABLE,200,37cbd603909356b44941298195e9b36cd70fa45414e17dbd1d5a10b4f8db92a2,https://data.binance.vision/data/futures/um/monthly/klines/WIFUSDT/1m/WIFUSDT-1m-2026-04.zip,2026-08-23T12:47:33.507166+00:00,1,
WIFUSDT,1m,2026-05,AVAILABLE,200,f18b8d1a76173a14c0445150445d1bbabc07dc9430f748590b50690700ebf732,https://data.binance.vision/data/futures/um/monthly/klines/WIFUSDT/1m/WIFUSDT-1m-2026-05.zip,2026-08-23T12:47:33.314256+00:00,1,
WIFUSDT,1m,2026-06,AVAILABLE,200,c49ae88c7e7dd7b2253fd85758df83229ffa07e3109d58cd656bdc4e98047db1,https://data.binance.vision/data/futures/um/monthly/klines/WIFUSDT/1m/WIFUSDT-1m-2026-06.zip,2026-08-23T12:47:33.303790+00:00,1,
WIFUSDT,1m,2026-07,AVAILABLE,200,08ef5ecbdb5151076dd3e063a096b6044b230fb9eb8f1df49871212bcd990da4,https://data.binance.vision/data/futures/um/monthly/klines/WIFUSDT/1m/WIFUSDT-1m-2026-07.zip,2026-08-23T12:47:33.314468+00:00,1,
1000BONKUSDT,1d,2026-04,AVAILABLE,200,9b1734894fc685564030bfc3680dcfd02f9bc7f096cbcafdddc1fc8ca8f59fe7,https://data.binance.vision/data/futures/um/monthly/klines/1000BONKUSDT/1d/1000BONKUSDT-1d-2026-04.zip,2026-08-23T12:47:33.313050+00:00,1,
1000BONKUSDT,1d,2026-05,AVAILABLE,200,fe52e4a5401f950daf41a0b4a18f5a68071bdab470c7e36b87ffb2d119b2ca98,https://data.binance.vision/data/futures/um/monthly/klines/1000BONKUSDT/1d/1000BONKUSDT-1d-2026-05.zip,2026-08-23T12:47:33.329128+00:00,1,
1000BONKUSDT,1d,2026-06,AVAILABLE,200,cf287e24b77b2239ba27ba679b8296e09645c73f5c4d5d51354977f4aa8822d1,https://data.binance.vision/data/futures/um/monthly/klines/1000BONKUSDT/1d/1000BONKUSDT-1d-2026-06.zip,2026-08-23T12:47:33.330703+00:00,1,
1000BONKUSDT,1d,2026-07,AVAILABLE,200,947142f620d96b2ade4a5fff11922e83fd75ea5fb91b07e3716a6144b8f117dc,https://data.binance.vision/data/futures/um/monthly/klines/1000BONKUSDT/1d/1000BONKUSDT-1d-2026-07.zip,2026-08-23T12:47:33.368593+00:00,1,
1000BONKUSDT,4h,2026-04,AVAILABLE,200,9185714ee99799b1af99f583b20cf7cf72a189f73082eb755cf2ee45f66df65e,https://data.binance.vision/data/futures/um/monthly/klines/1000BONKUSDT/4h/1000BONKUSDT-4h-2026-04.zip,2026-08-23T12:47:33.353742+00:00,1,
1000BONKUSDT,4h,2026-05,AVAILABLE,200,bf811c1f576b35c9c4f945e11e16b3bbf2ad08ed57bd07969519cc9c159a3fcd,https://data.binance.vision/data/futures/um/monthly/klines/1000BONKUSDT/4h/1000BONKUSDT-4h-2026-05.zip,2026-08-23T12:47:33.547951+00:00,1,
1000BONKUSDT,4h,2026-06,AVAILABLE,200,242b717cf93a119f979599c06451f6799b949ab291a6680c16a2ab21281a99b2,https://data.binance.vision/data/futures/um/monthly/klines/1000BONKUSDT/4h/1000BONKUSDT-4h-2026-06.zip,2026-08-23T12:47:33.549711+00:00,1,
1000BONKUSDT,4h,2026-07,AVAILABLE,200,6c8a69056078c9df3aeb4e91959f7b52d5e7d5e8daa19013115ad35149b503b7,https://data.binance.vision/data/futures/um/monthly/klines/1000BONKUSDT/4h/1000BONKUSDT-4h-2026-07.zip,2026-08-23T12:47:33.537938+00:00,1,
1000BONKUSDT,1h,2026-04,AVAILABLE,200,01c1bd4f2e15eb436f53a491dc03871bb794d0c524ca565637357b5278328ea6,https://data.binance.vision/data/futures/um/monthly/klines/1000BONKUSDT/1h/1000BONKUSDT-1h-2026-04.zip,2026-08-23T12:47:33.891078+00:00,1,
1000BONKUSDT,1h,2026-05,AVAILABLE,200,4f79def7557ca70ee86f82a70bcd981f8bfecccfc25f275c06725fb4222f0b7e,https://data.binance.vision/data/futures/um/monthly/klines/1000BONKUSDT/1h/1000BONKUSDT-1h-2026-05.zip,2026-08-23T12:47:33.890236+00:00,1,
1000BONKUSDT,1h,2026-06,AVAILABLE,200,6bee417851811138cad7bd2b074c119c866a3c13d13d29a34f5cb14c2b1198ff,https://data.binance.vision/data/futures/um/monthly/klines/1000BONKUSDT/1h/1000BONKUSDT-1h-2026-06.zip,2026-08-23T12:47:33.880199+00:00,1,
1000BONKUSDT,1h,2026-07,AVAILABLE,200,0b014f33ecce02e9e65b79a6ebe9c863108d3a5e4fb0598f82dec5c7ebf3fcfc,https://data.binance.vision/data/futures/um/monthly/klines/1000BONKUSDT/1h/1000BONKUSDT-1h-2026-07.zip,2026-08-23T12:47:33.540345+00:00,1,
1000BONKUSDT,15m,2026-04,AVAILABLE,200,78666a59ea9b68315aa1ac457840ae52a567b6988b705ef00e102c73ccbb0400,https://data.binance.vision/data/futures/um/monthly/klines/1000BONKUSDT/15m/1000BONKUSDT-15m-2026-04.zip,2026-08-23T12:47:33.550261+00:00,1,
1000BONKUSDT,15m,2026-05,AVAILABLE,200,e79740b9c2b0c27c4ea5bbcc10082792be739a625a63eaf884835ae7861c29ad,https://data.binance.vision/data/futures/um/monthly/klines/1000BONKUSDT/15m/1000BONKUSDT-15m-2026-05.zip,2026-08-23T12:47:33.639058+00:00,1,
1000BONKUSDT,15m,2026-06,AVAILABLE,200,7d27d5238a08ec72245d07f296e1f49349550aad2e47c7978a235d627cdca806,https://data.binance.vision/data/futures/um/monthly/klines/1000BONKUSDT/15m/1000BONKUSDT-15m-2026-06.zip,2026-08-23T12:47:33.544879+00:00,1,
1000BONKUSDT,15m,2026-07,AVAILABLE,200,c68812a4fe2926eea013af31576367347df61c2d5de5a4abfc6625904f1e3c49,https://data.binance.vision/data/futures/um/monthly/klines/1000BONKUSDT/15m/1000BONKUSDT-15m-2026-07.zip,2026-08-23T12:47:33.742185+00:00,1,
1000BONKUSDT,5m,2026-04,AVAILABLE,200,3458113ad39cad2125fc62294cb15826b7a6b53f7993e5b5e95bfca74df68f92,https://data.binance.vision/data/futures/um/monthly/klines/1000BONKUSDT/5m/1000BONKUSDT-5m-2026-04.zip,2026-08-23T12:47:33.547275+00:00,1,
1000BONKUSDT,5m,2026-05,AVAILABLE,200,0ffe1cfea957aa4e77b0e0f0fef77bf1f72503bb5ed3e732d836411277ab9736,https://data.binance.vision/data/futures/um/monthly/klines/1000BONKUSDT/5m/1000BONKUSDT-5m-2026-05.zip,2026-08-23T12:47:33.551682+00:00,1,
1000BONKUSDT,5m,2026-06,AVAILABLE,200,5164f1abce15591061e8ad36c0d0549c562e6ea8e75f9aac9f879b02f9b4c8d4,https://data.binance.vision/data/futures/um/monthly/klines/1000BONKUSDT/5m/1000BONKUSDT-5m-2026-06.zip,2026-08-23T12:47:33.547638+00:00,1,
1000BONKUSDT,5m,2026-07,AVAILABLE,200,51726f504548ac9d81471494faccc33c0d0c6d5184d9e7d456cf8889355288db,https://data.binance.vision/data/futures/um/monthly/klines/1000BONKUSDT/5m/1000BONKUSDT-5m-2026-07.zip,2026-08-23T12:47:33.545780+00:00,1,
1000BONKUSDT,1m,2026-04,AVAILABLE,200,9ab64d6d16fcd42cbda1c274b60c47cd35abb8af11fec888b4a57f30752d0235,https://data.binance.vision/data/futures/um/monthly/klines/1000BONKUSDT/1m/1000BONKUSDT-1m-2026-04.zip,2026-08-23T12:47:33.546626+00:00,1,
1000BONKUSDT,1m,2026-05,AVAILABLE,200,49c7c5191cb5471647d1dc1c3166125c519a623ee9dbfbfed0a685276557a462,https://data.binance.vision/data/futures/um/monthly/klines/1000BONKUSDT/1m/1000BONKUSDT-1m-2026-05.zip,2026-08-23T12:47:33.903865+00:00,1,
1000BONKUSDT,1m,2026-06,AVAILABLE,200,ab38cae1dbe61eca7f7f4aacbe032e4360915500e8ea165bdf78d4a59f5c04ef,https://data.binance.vision/data/futures/um/monthly/klines/1000BONKUSDT/1m/1000BONKUSDT-1m-2026-06.zip,2026-08-23T12:47:33.549856+00:00,1,
1000BONKUSDT,1m,2026-07,AVAILABLE,200,db5012e5abbe877b20b00813e756d6c61c081a8ecec86f43bb12c9cc84e89a8f,https://data.binance.vision/data/futures/um/monthly/klines/1000BONKUSDT/1m/1000BONKUSDT-1m-2026-07.zip,2026-08-23T12:47:33.898296+00:00,1,
ZORAUSDT,1d,2026-04,AVAILABLE,200,e802214f7f5b06104084ca25c8b9e497e810c24190ffa2762fb5bedde35986fe,https://data.binance.vision/data/futures/um/monthly/klines/ZORAUSDT/1d/ZORAUSDT-1d-2026-04.zip,2026-08-23T12:47:33.579164+00:00,1,
ZORAUSDT,1d,2026-05,AVAILABLE,200,5b0affeb9e017d6e3e46de0edf673b18c5947c31ddbdcd00ddeda877052bad8d,https://data.binance.vision/data/futures/um/monthly/klines/ZORAUSDT/1d/ZORAUSDT-1d-2026-05.zip,2026-08-23T12:47:33.833481+00:00,1,
ZORAUSDT,1d,2026-06,AVAILABLE,200,4d0a31b0b19f0e0f184f7b5e2ab00c084ff08e792a4eeb4c4a5c3e04ef28f4bd,https://data.binance.vision/data/futures/um/monthly/klines/ZORAUSDT/1d/ZORAUSDT-1d-2026-06.zip,2026-08-23T12:47:34.312287+00:00,1,
ZORAUSDT,1d,2026-07,AVAILABLE,200,62cf442aaa4aac65926767c6799352e801bf55087cc341e850802f880098a35d,https://data.binance.vision/data/futures/um/monthly/klines/ZORAUSDT/1d/ZORAUSDT-1d-2026-07.zip,2026-08-23T12:47:33.969806+00:00,1,
ZORAUSDT,4h,2026-04,AVAILABLE,200,7e27e4dd0cbf250155a5298164ba13f8f5f203be05745e2c23f9c08662c6864d,https://data.binance.vision/data/futures/um/monthly/klines/ZORAUSDT/4h/ZORAUSDT-4h-2026-04.zip,2026-08-23T12:47:34.315909+00:00,1,
ZORAUSDT,4h,2026-05,AVAILABLE,200,f006fbb1b59e6ab25a3af00e8e34edcbaa95d7d2b6b587f8e5fef1b40d2defb7,https://data.binance.vision/data/futures/um/monthly/klines/ZORAUSDT/4h/ZORAUSDT-4h-2026-05.zip,2026-08-23T12:47:33.968176+00:00,1,
ZORAUSDT,4h,2026-06,AVAILABLE,200,1938267ece776a91721f94be6936bf4b314048e37caabe69ed96b2934ecf5f25,https://data.binance.vision/data/futures/um/monthly/klines/ZORAUSDT/4h/ZORAUSDT-4h-2026-06.zip,2026-08-23T12:47:34.086937+00:00,1,
ZORAUSDT,4h,2026-07,AVAILABLE,200,b06ff2c752029080ca0beb252c41aedeae18c1c6ce02b3b4ad7759135978247d,https://data.binance.vision/data/futures/um/monthly/klines/ZORAUSDT/4h/ZORAUSDT-4h-2026-07.zip,2026-08-23T12:47:33.979404+00:00,1,
ZORAUSDT,1h,2026-04,AVAILABLE,200,c92eec7fd98f3edbe0557ed4817b16007d277935e79d8258a56de04d304f20f1,https://data.binance.vision/data/futures/um/monthly/klines/ZORAUSDT/1h/ZORAUSDT-1h-2026-04.zip,2026-08-23T12:47:33.979463+00:00,1,
ZORAUSDT,1h,2026-05,AVAILABLE,200,7eab70babc3733d57164dfc77b1216badc6adfef09c2ebcf62cda58d3dd3bee2,https://data.binance.vision/data/futures/um/monthly/klines/ZORAUSDT/1h/ZORAUSDT-1h-2026-05.zip,2026-08-23T12:47:34.164275+00:00,1,
ZORAUSDT,1h,2026-06,AVAILABLE,200,2701396f94a8e024bc8e49396033af0a7f9aa925ad15a5ae1d228cd06dcee174,https://data.binance.vision/data/futures/um/monthly/klines/ZORAUSDT/1h/ZORAUSDT-1h-2026-06.zip,2026-08-23T12:47:34.317106+00:00,1,
ZORAUSDT,1h,2026-07,AVAILABLE,200,2ed3bd0cb4e9f60b017e32946a034de4fb7490e3d2cbe354aa1fba904d7e77ff,https://data.binance.vision/data/futures/um/monthly/klines/ZORAUSDT/1h/ZORAUSDT-1h-2026-07.zip,2026-08-23T12:47:33.975266+00:00,1,
ZORAUSDT,15m,2026-04,AVAILABLE,200,a0887d3a82aa2b62c4b9ce682c009123168e7034e65c8ed4b56682be2204393c,https://data.binance.vision/data/futures/um/monthly/klines/ZORAUSDT/15m/ZORAUSDT-15m-2026-04.zip,2026-08-23T12:47:34.316288+00:00,1,
ZORAUSDT,15m,2026-05,AVAILABLE,200,ef39e091c66d720e7bfc34311dcaa52b44f05d4b5f8734a949c0523ba1427bb7,https://data.binance.vision/data/futures/um/monthly/klines/ZORAUSDT/15m/ZORAUSDT-15m-2026-05.zip,2026-08-23T12:47:33.975516+00:00,1,
ZORAUSDT,15m,2026-06,AVAILABLE,200,18e35824a4e0a40d05ff90912748b531f7148285bc8b73ec37e686e28fce163b,https://data.binance.vision/data/futures/um/monthly/klines/ZORAUSDT/15m/ZORAUSDT-15m-2026-06.zip,2026-08-23T12:47:34.324452+00:00,1,
ZORAUSDT,15m,2026-07,AVAILABLE,200,c327b7ce753c1cfce8b0c4b4867d1107552524cd49ef89f20df1c85d4764572b,https://data.binance.vision/data/futures/um/monthly/klines/ZORAUSDT/15m/ZORAUSDT-15m-2026-07.zip,2026-08-23T12:47:33.969421+00:00,1,
ZORAUSDT,5m,2026-04,AVAILABLE,200,9aeab54313ee2a8d2d4dfd81f7dfcc7f338b93692a1592aaf28df958535a07bd,https://data.binance.vision/data/futures/um/monthly/klines/ZORAUSDT/5m/ZORAUSDT-5m-2026-04.zip,2026-08-23T12:47:33.965052+00:00,1,
ZORAUSDT,5m,2026-05,AVAILABLE,200,a80214542e9bf09b5c59f4ef9f81eaf47f4bd40eeae4fde36db5ac8d597dd97b,https://data.binance.vision/data/futures/um/monthly/klines/ZORAUSDT/5m/ZORAUSDT-5m-2026-05.zip,2026-08-23T12:47:34.323346+00:00,1,
ZORAUSDT,5m,2026-06,AVAILABLE,200,b3412fd9521c6cd5abfceafd637db6074806c2c3c52bfd9646bfaf13a0f0843f,https://data.binance.vision/data/futures/um/monthly/klines/ZORAUSDT/5m/ZORAUSDT-5m-2026-06.zip,2026-08-23T12:47:33.975118+00:00,1,
ZORAUSDT,5m,2026-07,AVAILABLE,200,f4e7e6fac10feb7b6d919f8cffe5e89b3547d3dc21895c2f2df84c23d8078c56,https://data.binance.vision/data/futures/um/monthly/klines/ZORAUSDT/5m/ZORAUSDT-5m-2026-07.zip,2026-08-23T12:47:33.977033+00:00,1,
ZORAUSDT,1m,2026-04,AVAILABLE,200,7ebd6d480cdc82f5d3bf6cfbdd56e7d73bad2992aac062d350a225f855608241,https://data.binance.vision/data/futures/um/monthly/klines/ZORAUSDT/1m/ZORAUSDT-1m-2026-04.zip,2026-08-23T12:47:34.039915+00:00,1,
ZORAUSDT,1m,2026-05,AVAILABLE,200,69dea0a69d91aa775d4b8ff56957122b5b7cac4aef367bc943a711a5f1c5fe81,https://data.binance.vision/data/futures/um/monthly/klines/ZORAUSDT/1m/ZORAUSDT-1m-2026-05.zip,2026-08-23T12:47:34.094574+00:00,1,
ZORAUSDT,1m,2026-06,AVAILABLE,200,f8f46122f0f8ffe4d58359a1fba0e52109a0710eee1702e5efbc21876ace1528,https://data.binance.vision/data/futures/um/monthly/klines/ZORAUSDT/1m/ZORAUSDT-1m-2026-06.zip,2026-08-23T12:47:34.654318+00:00,1,
ZORAUSDT,1m,2026-07,AVAILABLE,200,f40bad80d6fc07606f14231f1fbc8bcbe2675ec1fe280565fc31e49fd0e974d4,https://data.binance.vision/data/futures/um/monthly/klines/ZORAUSDT/1m/ZORAUSDT-1m-2026-07.zip,2026-08-23T12:47:34.509997+00:00,1,
