rows,expected,coverage_pct,largest_gap_minutes,first_open,last_open,pass,symbol,error
79632.0,125281.0,63.56271102561442,5.0,2025-11-04T12:00:00+00:00,2026-08-07T23:55:00+00:00,False,MMTUSDT,
125280.0,125281.0,99.99920179436627,5.0,2025-05-30T00:00:00+00:00,2026-08-07T23:55:00+00:00,True,BNBUSDT,
125280.0,125281.0,99.99920179436627,5.0,2025-05-30T00:00:00+00:00,2026-08-07T23:55:00+00:00,True,BICOUSDT,
125280.0,125281.0,99.99920179436627,5.0,2025-05-30T00:00:00+00:00,2026-08-07T23:55:00+00:00,True,TUTUSDT,
125280.0,125281.0,99.99920179436627,5.0,2025-05-30T00:00:00+00:00,2026-08-07T23:55:00+00:00,True,SOLUSDT,
125280.0,125281.0,99.99920179436627,5.0,2025-05-30T00:00:00+00:00,2026-08-07T23:55:00+00:00,True,BABYUSDT,
125280.0,125281.0,99.99920179436627,5.0,2025-05-30T00:00:00+00:00,2026-08-07T23:55:00+00:00,True,ETHUSDT,
125280.0,125281.0,99.99920179436627,5.0,2025-05-30T00:00:00+00:00,2026-08-07T23:55:00+00:00,True,BTCUSDT,
,,,,,,False,SPCXBUSDT,RuntimeError('No 5m data for SPCXBUSDT')
125280.0,125281.0,99.99920179436627,5.0,2025-05-30T00:00:00+00:00,2026-08-07T23:55:00+00:00,True,XRPUSDT,
125280.0,125281.0,99.99920179436627,5.0,2025-05-30T00:00:00+00:00,2026-08-07T23:55:00+00:00,True,ZECUSDT,
125280.0,125281.0,99.99920179436627,5.0,2025-05-30T00:00:00+00:00,2026-08-07T23:55:00+00:00,True,TSTUSDT,
125280.0,125281.0,99.99920179436627,5.0,2025-05-30T00:00:00+00:00,2026-08-07T23:55:00+00:00,True,ACEUSDT,
125280.0,125281.0,99.99920179436627,5.0,2025-05-30T00:00:00+00:00,2026-08-07T23:55:00+00:00,True,DOGEUSDT,
125280.0,125281.0,99.99920179436627,5.0,2025-05-30T00:00:00+00:00,2026-08-07T23:55:00+00:00,True,KAITOUSDT,
125280.0,125281.0,99.99920179436627,5.0,2025-05-30T00:00:00+00:00,2026-08-07T23:55:00+00:00,True,SUIUSDT,
,,,,,,False,RLUSDUSDT,RuntimeError('No 5m data for RLUSDUSDT')
125280.0,125281.0,99.99920179436627,5.0,2025-05-30T00:00:00+00:00,2026-08-07T23:55:00+00:00,True,NEARUSDT,
,,,,,,False,EURIUSDT,RuntimeError('No 5m data for EURIUSDT')
14520.0,125281.0,11.58994580183747,5.0,2026-06-18T14:00:00+00:00,2026-08-07T23:55:00+00:00,False,REUSDT,
,,,,,,False,DODOUSDT,RuntimeError('No 5m data for DODOUSDT')
125280.0,125281.0,99.99920179436627,5.0,2025-05-30T00:00:00+00:00,2026-08-07T23:55:00+00:00,True,TRXUSDT,
125280.0,125281.0,99.99920179436627,5.0,2025-05-30T00:00:00+00:00,2026-08-07T23:55:00+00:00,True,TAOUSDT,
125280.0,125281.0,99.99920179436627,5.0,2025-05-30T00:00:00+00:00,2026-08-07T23:55:00+00:00,True,ADAUSDT,
125280.0,125281.0,99.99920179436627,5.0,2025-05-30T00:00:00+00:00,2026-08-07T23:55:00+00:00,True,1000CATUSDT,
125280.0,125281.0,99.99920179436627,5.0,2025-05-30T00:00:00+00:00,2026-08-07T23:55:00+00:00,True,HEIUSDT,
,,,,,,False,UUSDT,RuntimeError('No 5m data for UUSDT')
87147.0,125281.0,69.56122636313567,5.0,2025-10-09T09:45:00+00:00,2026-08-07T23:55:00+00:00,False,GIGGLEUSDT,
125190.0,125281.0,99.92736328733008,455.0,2025-05-30T00:00:00+00:00,2026-08-07T23:55:00+00:00,False,PUMPUSDT,
125280.0,125281.0,99.99920179436627,5.0,2025-05-30T00:00:00+00:00,2026-08-07T23:55:00+00:00,True,DEXEUSDT,
125280.0,125281.0,99.99920179436627,5.0,2025-05-30T00:00:00+00:00,2026-08-07T23:55:00+00:00,True,EPICUSDT,
125280.0,125281.0,99.99920179436627,5.0,2025-05-30T00:00:00+00:00,2026-08-07T23:55:00+00:00,True,BANKUSDT,
84822.0,125281.0,67.70539826470096,5.0,2025-10-17T11:30:00+00:00,2026-08-07T23:55:00+00:00,False,ZBTUSDT,
125280.0,125281.0,99.99920179436627,5.0,2025-05-30T00:00:00+00:00,2026-08-07T23:55:00+00:00,True,LINKUSDT,
125280.0,125281.0,99.99920179436627,5.0,2025-05-30T00:00:00+00:00,2026-08-07T23:55:00+00:00,True,ICPUSDT,
125280.0,125281.0,99.99920179436627,5.0,2025-05-30T00:00:00+00:00,2026-08-07T23:55:00+00:00,True,SYNUSDT,
125280.0,125281.0,99.99920179436627,5.0,2025-05-30T00:00:00+00:00,2026-08-07T23:55:00+00:00,True,1000PEPEUSDT,
125280.0,125281.0,99.99920179436627,5.0,2025-05-30T00:00:00+00:00,2026-08-07T23:55:00+00:00,True,AVAXUSDT,
125280.0,125281.0,99.99920179436627,5.0,2025-05-30T00:00:00+00:00,2026-08-07T23:55:00+00:00,True,UNIUSDT,
125280.0,125281.0,99.99920179436627,5.0,2025-05-30T00:00:00+00:00,2026-08-07T23:55:00+00:00,True,IOTXUSDT,
125280.0,125281.0,99.99920179436627,5.0,2025-05-30T00:00:00+00:00,2026-08-07T23:55:00+00:00,True,PENGUUSDT,
125280.0,125281.0,99.99920179436627,5.0,2025-05-30T00:00:00+00:00,2026-08-07T23:55:00+00:00,True,SAGAUSDT,
77592.0,125281.0,61.93437153279427,5.0,2025-11-11T14:00:00+00:00,2026-08-07T23:55:00+00:00,False,ALLOUSDT,
125280.0,125281.0,99.99920179436627,5.0,2025-05-30T00:00:00+00:00,2026-08-07T23:55:00+00:00,True,LTCUSDT,
125280.0,125281.0,99.99920179436627,5.0,2025-05-30T00:00:00+00:00,2026-08-07T23:55:00+00:00,True,ENAUSDT,
125280.0,125281.0,99.99920179436627,5.0,2025-05-30T00:00:00+00:00,2026-08-07T23:55:00+00:00,True,COOKIEUSDT,
125280.0,125281.0,99.99920179436627,5.0,2025-05-30T00:00:00+00:00,2026-08-07T23:55:00+00:00,True,PIXELUSDT,
125280.0,125281.0,99.99920179436627,5.0,2025-05-30T00:00:00+00:00,2026-08-07T23:55:00+00:00,True,HMSTRUSDT,
125280.0,125281.0,99.99920179436627,5.0,2025-05-30T00:00:00+00:00,2026-08-07T23:55:00+00:00,True,WLDUSDT,
125280.0,125281.0,99.99920179436627,5.0,2025-05-30T00:00:00+00:00,2026-08-07T23:55:00+00:00,True,ONDOUSDT,
125280.0,125281.0,99.99920179436627,5.0,2025-05-30T00:00:00+00:00,2026-08-07T23:55:00+00:00,True,FETUSDT,
,,,,,,False,SOXLBUSDT,RuntimeError('No 5m data for SOXLBUSDT')
125280.0,125281.0,99.99920179436627,5.0,2025-05-30T00:00:00+00:00,2026-08-07T23:55:00+00:00,True,AAVEUSDT,
125280.0,125281.0,99.99920179436627,5.0,2025-05-30T00:00:00+00:00,2026-08-07T23:55:00+00:00,True,FILUSDT,
60660.0,125281.0,48.41915374238711,5.0,2026-01-09T09:00:00+00:00,2026-08-07T23:55:00+00:00,False,ZAMAUSDT,
125280.0,125281.0,99.99920179436627,5.0,2025-05-30T00:00:00+00:00,2026-08-07T23:55:00+00:00,True,HFTUSDT,
125280.0,125281.0,99.99920179436627,5.0,2025-05-30T00:00:00+00:00,2026-08-07T23:55:00+00:00,True,MUBARAKUSDT,
10560.0,125281.0,8.429051492245431,5.0,2026-07-02T08:00:00+00:00,2026-08-07T23:55:00+00:00,False,GRAMUSDT,
125280.0,125281.0,99.99920179436627,5.0,2025-05-30T00:00:00+00:00,2026-08-07T23:55:00+00:00,True,GLMRUSDT,
,,,,,,False,WBTCUSDT,RuntimeError('No 5m data for WBTCUSDT')
125280.0,125281.0,99.99920179436627,5.0,2025-05-30T00:00:00+00:00,2026-08-07T23:55:00+00:00,True,XLMUSDT,
121974.0,125281.0,97.36033396923716,5.0,2025-06-10T11:30:00+00:00,2026-08-07T23:55:00+00:00,False,HOMEUSDT,
125280.0,125281.0,99.99920179436627,5.0,2025-05-30T00:00:00+00:00,2026-08-07T23:55:00+00:00,True,INJUSDT,
,,,,,,False,SPYBUSDT,RuntimeError('No 5m data for SPYBUSDT')
125280.0,125281.0,99.99920179436627,5.0,2025-05-30T00:00:00+00:00,2026-08-07T23:55:00+00:00,True,CATIUSDT,
125280.0,125281.0,99.99920179436627,5.0,2025-05-30T00:00:00+00:00,2026-08-07T23:55:00+00:00,True,DASHUSDT,
125280.0,125281.0,99.99920179436627,5.0,2025-05-30T00:00:00+00:00,2026-08-07T23:55:00+00:00,True,JSTUSDT,
125280.0,125281.0,99.99920179436627,5.0,2025-05-30T00:00:00+00:00,2026-08-07T23:55:00+00:00,True,BROCCOLI714USDT,
125280.0,125281.0,99.99920179436627,5.0,2025-05-30T00:00:00+00:00,2026-08-07T23:55:00+00:00,True,TRUMPUSDT,
,,,,,,False,EURUSDT,RuntimeError('No 5m data for EURUSDT')
125280.0,125281.0,99.99920179436627,5.0,2025-05-30T00:00:00+00:00,2026-08-07T23:55:00+00:00,True,ORDIUSDT,
125280.0,125281.0,99.99920179436627,5.0,2025-05-30T00:00:00+00:00,2026-08-07T23:55:00+00:00,True,CETUSUSDT,
125280.0,125281.0,99.99920179436627,5.0,2025-05-30T00:00:00+00:00,2026-08-07T23:55:00+00:00,True,VICUSDT,
125280.0,125281.0,99.99920179436627,5.0,2025-05-30T00:00:00+00:00,2026-08-07T23:55:00+00:00,True,XAIUSDT,
125280.0,125281.0,99.99920179436627,5.0,2025-05-30T00:00:00+00:00,2026-08-07T23:55:00+00:00,True,APTUSDT,
