config_id,sl_atr,target_r,fill_buffer_bps,threshold,validation_auc,trades,wins,losses,accuracy_pct,target_hit_rate_pct,profit_factor,expectancy_r,net_r,max_drawdown_r,trades_per_30d,fill_rate_pct,symbols,wilson95_low_pct,wilson95_high_pct,validation_hard_pass,quality_score
sl0.80_r0.75_fb0.0,0.8,0.75,0.0,0.5,0.5033534682079672,7912,4347,3565,54.94186046511628,54.94186046511628,0.5500176358324588,-0.24465361278212167,-1935.6993843321466,1939.008338781255,3251.5068493150684,100.0,48,53.84339071658675,56.03553376753882,False,-152.703129224169
sl0.80_r0.75_fb0.0,0.8,0.75,0.0,0.55,0.5033534682079672,1151,675,476,58.644656820156385,58.644656820156385,0.6513477268864829,-0.17298961470767224,-199.11104652853075,199.38099561010372,473.01369863013696,100.0,46,55.77543784535003,61.456364709020995,False,-2.133222718846149
sl0.80_r0.75_fb0.0,0.8,0.75,0.0,0.6,0.5033534682079672,173,105,68,60.69364161849711,60.69364161849711,0.7030035398659219,-0.14021459571544992,-24.257125058772836,29.807745578393323,71.0958904109589,100.0,44,53.25881840192027,67.66387712815654,False,17.087584523809248
sl0.80_r0.75_fb0.0,0.8,0.75,0.0,0.65,0.5033534682079672,39,25,14,64.1025641025641,64.1025641025641,0.7985968888099226,-0.08827813587488822,-3.4428472991206407,12.132375256772775,16.027397260273972,100.0,24,48.41814855954854,77.25791454100714,False,16.71035882656335
sl0.80_r0.75_fb0.0,0.8,0.75,0.0,0.7,0.5033534682079672,10,5,5,50.0,50.0,0.45446405255164063,-0.33206100363144286,-3.3206100363144286,6.0868766794304765,4.10958904109589,100.0,9,23.6593090512564,76.3406909487436,False,-26.3479433288733
sl0.80_r0.75_fb0.0,0.8,0.75,0.0,0.75,0.5033534682079672,1,1,0,100.0,100.0,inf,0.6128819912271122,0.6128819912271122,0.0,0.410958904109589,100.0,1,20.654931437723747,100.0,False,inf
sl0.80_r0.75_fb0.0,0.8,0.75,0.0,0.8,0.5033534682079672,0,0,0,,,,,0.0,0.0,0.0,0.0,0,,,False,-1000000000.0
sl0.80_r0.75_fb0.0,0.8,0.75,0.0,0.85,0.5033534682079672,0,0,0,,,,,0.0,0.0,0.0,0.0,0,,,False,-1000000000.0
sl0.80_r0.75_fb0.0,0.8,0.75,0.0,0.9,0.5033534682079672,0,0,0,,,,,0.0,0.0,0.0,0.0,0,,,False,-1000000000.0
sl0.80_r0.75_fb0.5,0.8,0.75,0.5,0.5,0.4894255647967184,2835,1431,1404,50.476190476190474,50.476190476190474,0.47315088445919296,-0.31288922120241125,-887.0409421088359,887.6483589404493,1165.0684931506848,100.0,46,48.636350774903114,52.31474143618557,False,-80.50124152661675
sl0.80_r0.75_fb0.5,0.8,0.75,0.5,0.55,0.4894255647967184,810,405,405,50.0,50.0,0.4807445869596827,-0.30922639517267286,-250.473380089865,250.83887613187022,332.87671232876716,100.0,46,46.564830347710675,53.435169652289325,False,-29.75712517160149
sl0.80_r0.75_fb0.5,0.8,0.75,0.5,0.6,0.4894255647967184,185,95,90,51.35135135135135,51.35135135135135,0.5103161690379845,-0.28289841970137114,-52.33620764475366,54.03755338142672,76.02739726027397,100.0,40,44.195102133193295,58.45262153470502,False,-9.86368832299162
sl0.80_r0.75_fb0.5,0.8,0.75,0.5,0.65,0.4894255647967184,37,18,19,48.64864864864865,48.64864864864865,0.45189750587819194,-0.33078818847490055,-12.23916297357132,13.417593381728837,15.205479452054796,100.0,23,33.44640430301664,64.10510333438121,False,-25.681625586503458
sl0.80_r0.75_fb0.5,0.8,0.75,0.5,0.7,0.4894255647967184,11,4,7,36.36363636363637,36.36363636363637,0.29159179854982337,-0.522956198421421,-5.752518182635631,6.334821309757023,4.520547945205479,100.0,10,15.166471095367573,64.6198825492151,False,-60.75933965968925
sl0.80_r0.75_fb0.5,0.8,0.75,0.5,0.75,0.4894255647967184,0,0,0,,,,,0.0,0.0,0.0,0.0,0,,,False,-1000000000.0
sl0.80_r0.75_fb0.5,0.8,0.75,0.5,0.8,0.4894255647967184,0,0,0,,,,,0.0,0.0,0.0,0.0,0,,,False,-1000000000.0
sl0.80_r0.75_fb0.5,0.8,0.75,0.5,0.85,0.4894255647967184,0,0,0,,,,,0.0,0.0,0.0,0.0,0,,,False,-1000000000.0
sl0.80_r0.75_fb0.5,0.8,0.75,0.5,0.9,0.4894255647967184,0,0,0,,,,,0.0,0.0,0.0,0.0,0,,,False,-1000000000.0
sl0.80_r1.00_fb0.0,0.8,1.0,0.0,0.5,0.5049226870208903,7161,3433,3728,47.94023181119955,47.94023181119955,0.6051804665291713,-0.24820482810482758,-1777.3947740586702,1781.5171529274373,2942.876712328767,100.0,48,46.784568403466736,49.098103925076934,False,-148.54563906646086
sl0.80_r1.00_fb0.0,0.8,1.0,0.0,0.55,0.5049226870208903,1052,510,542,48.47908745247148,48.47908745247148,0.631909158635988,-0.22684529224776348,-238.64124744464718,241.756971021551,432.3287671232877,100.0,47,45.470098968665596,51.4991429821343,False,-22.663724301919434
sl0.80_r1.00_fb0.0,0.8,1.0,0.0,0.6,0.5049226870208903,134,60,74,44.776119402985074,44.776119402985074,0.5588466919206578,-0.28781797473439336,-38.56760861440871,39.5339230987182,55.06849315068493,100.0,41,36.61914968022998,53.22425438718391,False,-18.016295020391247
sl0.80_r1.00_fb0.0,0.8,1.0,0.0,0.65,0.5049226870208903,39,19,20,48.717948717948715,48.717948717948715,0.6305363502734468,-0.22479146154362367,-8.766867000201323,16.92068331288182,16.027397260273972,100.0,26,33.865175329862005,63.800637115542024,False,-15.205226347818895
sl0.80_r1.00_fb0.0,0.8,1.0,0.0,0.7,0.5049226870208903,19,9,10,47.368421052631575,47.368421052631575,0.575406460979583,-0.26805331033587126,-5.093012896381554,11.995031549777426,7.808219178082191,100.0,17,27.32980516117956,68.29219075488682,False,-22.65413392096121
sl0.80_r1.00_fb0.0,0.8,1.0,0.0,0.75,0.5049226870208903,4,2,2,50.0,50.0,0.6192336615878398,-0.22760380262555868,-0.9104152105022347,2.3910076040302606,1.643835616438356,100.0,4,15.003898915214947,84.99610108478505,False,-16.409040029160867
sl0.80_r1.00_fb0.0,0.8,1.0,0.0,0.8,0.5049226870208903,0,0,0,,,,,0.0,0.0,0.0,0.0,0,,,False,-1000000000.0
sl0.80_r1.00_fb0.0,0.8,1.0,0.0,0.85,0.5049226870208903,0,0,0,,,,,0.0,0.0,0.0,0.0,0,,,False,-1000000000.0
sl0.80_r1.00_fb0.0,0.8,1.0,0.0,0.9,0.5049226870208903,0,0,0,,,,,0.0,0.0,0.0,0.0,0,,,False,-1000000000.0
sl0.80_r1.00_fb0.5,0.8,1.0,0.5,0.5,0.5066883495149664,2714,1216,1498,44.80471628592483,44.80471628592483,0.5425324675197629,-0.30338735350799295,-823.3932774206928,826.0142607636202,1115.3424657534247,100.0,46,42.94244421015594,46.681674625592365,False,-81.15293893201067
sl0.80_r1.00_fb0.5,0.8,1.0,0.5,0.55,0.5066883495149664,670,296,374,44.17910447761194,44.17910447761194,0.540775757687259,-0.3066046421949307,-205.4251102706036,206.4076993128357,275.3424657534247,100.0,45,40.4626180923032,47.961958790141864,False,-32.63382014263851
sl0.80_r1.00_fb0.5,0.8,1.0,0.5,0.6,0.5066883495149664,149,65,84,43.624161073825505,43.624161073825505,0.5282802754845569,-0.3206876903168578,-47.78246585721181,49.49941544964408,61.232876712328775,100.0,40,35.9206942483364,51.648123697657,False,-22.079707273594046
sl0.80_r1.00_fb0.5,0.8,1.0,0.5,0.65,0.5066883495149664,31,15,16,48.38709677419355,48.38709677419355,0.6463239778553562,-0.22082546203472606,-6.845589323076508,10.268390317580096,12.739726027397259,100.0,21,31.970251562417307,65.1596045519712,False,-15.4579558905738
sl0.80_r1.00_fb0.5,0.8,1.0,0.5,0.7,0.5066883495149664,1,0,1,0.0,0.0,0.0,-1.1501316523953267,-1.1501316523953267,1.1501316523953267,0.410958904109589,100.0,1,0.0,79.34506856227625,False,-163.50111952174362
sl0.80_r1.00_fb0.5,0.8,1.0,0.5,0.75,0.5066883495149664,0,0,0,,,,,0.0,0.0,0.0,0.0,0,,,False,-1000000000.0
sl0.80_r1.00_fb0.5,0.8,1.0,0.5,0.8,0.5066883495149664,0,0,0,,,,,0.0,0.0,0.0,0.0,0,,,False,-1000000000.0
sl0.80_r1.00_fb0.5,0.8,1.0,0.5,0.85,0.5066883495149664,0,0,0,,,,,0.0,0.0,0.0,0.0,0,,,False,-1000000000.0
sl0.80_r1.00_fb0.5,0.8,1.0,0.5,0.9,0.5066883495149664,0,0,0,,,,,0.0,0.0,0.0,0.0,0,,,False,-1000000000.0
sl0.80_r1.25_fb0.0,0.8,1.25,0.0,0.5,0.5048522068950364,6739,2882,3857,42.76598901914231,42.76598901914231,0.6454693585363285,-0.24499215441536634,-1651.0021286051538,1668.8997969181726,2769.452054794521,100.0,47,41.58923072109348,43.950989882424544,False,-145.25788548499978
sl0.80_r1.25_fb0.0,0.8,1.25,0.0,0.55,0.5048522068950364,1004,457,547,45.51792828685259,45.51792828685259,0.7339167283247763,-0.17337978076196858,-174.07329988501647,176.575871122754,412.6027397260274,100.0,46,42.4604961700853,48.609527868684474,False,-15.705673179578685
sl0.80_r1.25_fb0.0,0.8,1.25,0.0,0.6,0.5048522068950364,163,80,83,49.079754601226995,49.079754601226995,0.8579461336758804,-0.0855717663629559,-13.94819791716181,26.274805727315474,66.98630136986301,100.0,38,41.51526790080117,56.68661787674761,False,9.048035277887909
sl0.80_r1.25_fb0.0,0.8,1.25,0.0,0.65,0.5048522068950364,43,19,24,44.18604651162791,44.18604651162791,0.7054484150740419,-0.19499584745518614,-8.384821440573004,15.401065299895423,17.67123287671233,100.0,28,30.433309839170512,58.892385547175905,False,-17.07002285222315
sl0.80_r1.25_fb0.0,0.8,1.25,0.0,0.7,0.5048522068950364,22,9,13,40.909090909090914,40.909090909090914,0.591561225805664,-0.29305598545667627,-6.447231680046878,15.785062749647937,9.041095890410958,100.0,18,23.25581619647187,61.26518152368487,False,-32.56893714753585
sl0.80_r1.25_fb0.0,0.8,1.25,0.0,0.75,0.5048522068950364,10,4,6,40.0,40.0,0.5471705917040189,-0.32782107410708045,-3.2782107410708043,7.239394529182346,4.10958904109589,100.0,9,16.818032970623616,68.73262302663417,False,-37.56422826684934
sl0.80_r1.25_fb0.0,0.8,1.25,0.0,0.8,0.5048522068950364,0,0,0,,,,,0.0,0.0,0.0,0.0,0,,,False,-1000000000.0
sl0.80_r1.25_fb0.0,0.8,1.25,0.0,0.85,0.5048522068950364,0,0,0,,,,,0.0,0.0,0.0,0.0,0,,,False,-1000000000.0
sl0.80_r1.25_fb0.0,0.8,1.25,0.0,0.9,0.5048522068950364,0,0,0,,,,,0.0,0.0,0.0,0.0,0,,,False,-1000000000.0
sl0.80_r1.25_fb0.5,0.8,1.25,0.5,0.5,0.5150927397712785,2748,1097,1651,39.91994177583697,39.91994177583697,0.5812750999154055,-0.30228639474820157,-830.6830127680579,835.1857027769664,1129.3150684931509,100.0,46,38.10418899896685,41.7638372558081,False,-87.4508492438351
sl0.80_r1.25_fb0.5,0.8,1.25,0.5,0.55,0.5150927397712785,673,278,395,41.3075780089153,41.3075780089153,0.6277570005623252,-0.2609019961211031,-175.58704338950238,179.65370145609137,276.57534246575347,100.0,44,37.647126054924996,45.066698803874736,False,-29.386758205602383
sl0.80_r1.25_fb0.5,0.8,1.25,0.5,0.6,0.5150927397712785,108,35,73,32.407407407407405,32.407407407407405,0.4276600714126435,-0.46148934671028674,-49.84084944471097,50.86769315690693,44.38356164383561,100.0,37,24.31666541281401,41.706667615305584,False,-52.77038303382347
sl0.80_r1.25_fb0.5,0.8,1.25,0.5,0.65,0.5150927397712785,21,7,14,33.33333333333333,33.33333333333333,0.4399931535662329,-0.44466081586188544,-9.337877133099594,13.590850657488982,8.63013698630137,100.0,17,17.194752605083476,54.62654802574476,False,-56.03210036072377
sl0.80_r1.25_fb0.5,0.8,1.25,0.5,0.7,0.5150927397712785,0,0,0,,,,,0.0,0.0,0.0,0.0,0,,,False,-1000000000.0
sl0.80_r1.25_fb0.5,0.8,1.25,0.5,0.75,0.5150927397712785,0,0,0,,,,,0.0,0.0,0.0,0.0,0,,,False,-1000000000.0
sl0.80_r1.25_fb0.5,0.8,1.25,0.5,0.8,0.5150927397712785,0,0,0,,,,,0.0,0.0,0.0,0.0,0,,,False,-1000000000.0
sl0.80_r1.25_fb0.5,0.8,1.25,0.5,0.85,0.5150927397712785,0,0,0,,,,,0.0,0.0,0.0,0.0,0,,,False,-1000000000.0
sl0.80_r1.25_fb0.5,0.8,1.25,0.5,0.9,0.5150927397712785,0,0,0,,,,,0.0,0.0,0.0,0.0,0,,,False,-1000000000.0
sl0.80_r1.50_fb0.0,0.8,1.5,0.0,0.5,0.5098699600050975,6040,2333,3707,38.62582781456953,38.62582781456953,0.6731028976168214,-0.24246069228566258,-1464.462581405402,1487.1414096388564,2482.1917808219177,100.0,47,37.405530899415545,39.86058355177157,False,-135.32434229961473
sl0.80_r1.50_fb0.0,0.8,1.5,0.0,0.55,0.5098699600050975,1022,411,611,40.21526418786693,40.21526418786693,0.7291236467622145,-0.19396708742151023,-198.23436334478345,205.9413678953723,420.0,100.0,46,37.25114703976745,43.25266295150355,False,-26.293112533338732
sl0.80_r1.50_fb0.0,0.8,1.5,0.0,0.6,0.5098699600050975,161,72,89,44.72049689440994,44.72049689440994,0.8816241305584765,-0.07855114700686157,-12.646734668104713,30.223898639849246,66.16438356164383,100.0,44,37.25238517173205,52.434675279187815,False,4.234163576517842
sl0.80_r1.50_fb0.0,0.8,1.5,0.0,0.65,0.5098699600050975,51,27,24,52.94117647058824,52.94117647058824,1.2149329476048067,0.12144412009999651,6.193650125099822,15.162639923012263,20.958904109589042,100.0,31,39.52330421009647,65.94700979050042,False,24.847874455879303
sl0.80_r1.50_fb0.0,0.8,1.5,0.0,0.7,0.5098699600050975,16,8,8,50.0,50.0,1.0722680246704597,0.04305721501312729,0.6889154402100366,6.8413123036836545,6.575342465753424,100.0,14,27.999563610326017,72.00043638967398,False,10.800829355864854
sl0.80_r1.50_fb0.0,0.8,1.5,0.0,0.75,0.5098699600050975,7,4,3,57.14285714285714,57.14285714285714,1.4511983370544626,0.2281962158314112,1.5973735108198783,2.3599797052821456,2.8767123287671232,100.0,5,25.04583645276572,84.17801447485303,False,36.81208387916808
sl0.80_r1.50_fb0.0,0.8,1.5,0.0,0.8,0.5098699600050975,1,0,1,0.0,0.0,0.0,-1.0960502920324744,-1.0960502920324744,1.0960502920324744,0.410958904109589,100.0,1,0.0,79.34506856227625,False,-158.62947058025787
sl0.80_r1.50_fb0.0,0.8,1.5,0.0,0.85,0.5098699600050975,0,0,0,,,,,0.0,0.0,0.0,0.0,0,,,False,-1000000000.0
sl0.80_r1.50_fb0.0,0.8,1.5,0.0,0.9,0.5098699600050975,0,0,0,,,,,0.0,0.0,0.0,0.0,0,,,False,-1000000000.0
sl0.80_r1.50_fb0.5,0.8,1.5,0.5,0.5,0.5065166524942515,2481,897,1584,36.15477629987908,36.15477629987908,0.6112171317770627,-0.29857839772134215,-740.7730047466498,752.123197976284,1019.5890410958905,100.0,46,34.28699898321997,38.06536186614986,False,-84.84026106632234
sl0.80_r1.50_fb0.5,0.8,1.5,0.5,0.55,0.5065166524942515,589,219,370,37.18166383701188,37.18166383701188,0.6413246923894056,-0.27043699869818827,-159.28739223323288,163.35937301467402,242.05479452054794,100.0,45,33.37350685122081,41.1559398071867,False,-33.826053879179454
sl0.80_r1.50_fb0.5,0.8,1.5,0.5,0.6,0.5065166524942515,111,42,69,37.83783783783784,37.83783783783784,0.647220754972708,-0.26415279633741684,-29.32096039345327,36.023418430606064,45.61643835616439,100.0,36,29.36531154974464,47.12401532117573,False,-25.853394335925675
sl0.80_r1.50_fb0.5,0.8,1.5,0.5,0.65,0.5065166524942515,20,6,14,30.0,30.0,0.4596804269392779,-0.4523311288718686,-9.046622577437372,12.955077479179787,8.21917808219178,100.0,13,14.54772448676043,51.89728183535235,False,-60.66567306742858
sl0.80_r1.50_fb0.5,0.8,1.5,0.5,0.7,0.5065166524942515,5,3,2,60.0,60.0,1.674521918846534,0.318304082805874,1.5915204140293702,2.3594791652596694,2.054794520547945,100.0,4,23.07242812760128,88.2379225767352,False,48.842472889035065
sl0.80_r1.50_fb0.5,0.8,1.5,0.5,0.75,0.5065166524942515,2,2,0,100.0,100.0,inf,1.2649984152701168,2.5299968305402336,0.0,0.821917808219178,100.0,2,34.2380227506653,100.0,False,inf
sl0.80_r1.50_fb0.5,0.8,1.5,0.5,0.8,0.5065166524942515,0,0,0,,,,,0.0,0.0,0.0,0.0,0,,,False,-1000000000.0
sl0.80_r1.50_fb0.5,0.8,1.5,0.5,0.85,0.5065166524942515,0,0,0,,,,,0.0,0.0,0.0,0.0,0,,,False,-1000000000.0
sl0.80_r1.50_fb0.5,0.8,1.5,0.5,0.9,0.5065166524942515,0,0,0,,,,,0.0,0.0,0.0,0.0,0,,,False,-1000000000.0
sl1.10_r0.75_fb0.0,1.1,0.75,0.0,0.5,0.5070705279692497,9480,5233,4247,55.200421940928265,55.200421940928265,0.5868351773174577,-0.21953595848973187,-2081.200886482658,2081.2008864826603,3895.8904109589043,100.0,48,54.19747453421449,56.199156454201535,False,-161.31986822855373
sl1.10_r0.75_fb0.0,1.1,0.75,0.0,0.55,0.5070705279692497,1328,750,578,56.475903614457835,56.475903614457835,0.630296430956904,-0.18925139903766994,-251.32585792202568,254.62597946928784,545.7534246575343,100.0,48,53.794483646963975,59.11996640719646,False,-10.7215250714479
sl1.10_r0.75_fb0.0,1.1,0.75,0.0,0.6,0.5070705279692497,215,140,75,65.11627906976744,65.11627906976744,0.9207845486620104,-0.03228844165255901,-6.942014955300186,20.47219996917163,88.35616438356163,100.0,47,58.530853616604794,71.17101382216842,False,33.81766891083641
sl1.10_r0.75_fb0.0,1.1,0.75,0.0,0.65,0.5070705279692497,68,43,25,63.23529411764706,63.23529411764706,0.8334789646460119,-0.0715070578156636,-4.862479931465125,19.524678265319235,27.945205479452053,100.0,30,51.35563563911616,73.69953486476433,False,19.720766731819925
sl1.10_r0.75_fb0.0,1.1,0.75,0.0,0.7,0.5070705279692497,29,14,15,48.275862068965516,48.275862068965516,0.43753638513138116,-0.34275882288491333,-9.940005863662487,12.760888193723734,11.917808219178081,100.0,20,31.386090152683487,65.56897811800528,False,-28.055232139468686
sl1.10_r0.75_fb0.0,1.1,0.75,0.0,0.75,0.5070705279692497,8,5,3,62.5,62.5,0.7506465140754952,-0.11057663435744639,-0.8846130748595711,2.333614234709518,3.287671232876712,100.0,6,30.574239460262735,86.31557141764026,False,10.163212827872945
sl1.10_r0.75_fb0.0,1.1,0.75,0.0,0.8,0.5070705279692497,0,0,0,,,,,0.0,0.0,0.0,0.0,0,,,False,-1000000000.0
sl1.10_r0.75_fb0.0,1.1,0.75,0.0,0.85,0.5070705279692497,0,0,0,,,,,0.0,0.0,0.0,0.0,0,,,False,-1000000000.0
sl1.10_r0.75_fb0.0,1.1,0.75,0.0,0.9,0.5070705279692497,0,0,0,,,,,0.0,0.0,0.0,0.0,0,,,False,-1000000000.0
sl1.10_r0.75_fb0.5,1.1,0.75,0.5,0.5,0.4993443210132399,3814,1998,1816,52.385946512847404,52.385946512847404,0.5407526521783966,-0.2565843912773332,-978.6128683317487,978.6128683317479,1567.3972602739725,100.0,47,50.79932898620931,53.967762627286305,False,-80.06032060836952
sl1.10_r0.75_fb0.5,1.1,0.75,0.5,0.55,0.4993443210132399,855,441,414,51.578947368421055,51.578947368421055,0.5314388783109476,-0.2651372910129302,-226.69238381605533,228.59744173516538,351.3698630136986,100.0,46,48.2295812853037,54.91418869956344,False,-21.845752793431263
sl1.10_r0.75_fb0.5,1.1,0.75,0.5,0.6,0.4993443210132399,179,85,94,47.486033519553075,47.486033519553075,0.44956881997414544,-0.33872637690448676,-60.63202146590313,69.38331513117933,73.56164383561644,100.0,42,40.30044983225842,54.777252972100634,False,-21.082669735030358
sl1.10_r0.75_fb0.5,1.1,0.75,0.5,0.65,0.4993443210132399,49,21,28,42.857142857142854,42.857142857142854,0.36633203533506636,-0.41856162788338364,-20.5095197662858,25.549171025480582,20.136986301369863,100.0,29,30.023319078881595,56.72950690998263,False,-40.75462376469224
sl1.10_r0.75_fb0.5,1.1,0.75,0.5,0.7,0.4993443210132399,13,3,10,23.076923076923077,23.076923076923077,0.15106485101036937,-0.757395595364839,-9.846142739742907,10.905679750717393,5.342465753424658,100.0,11,8.179528718498569,50.256375946727495,False,-98.884634061498
sl1.10_r0.75_fb0.5,1.1,0.75,0.5,0.75,0.4993443210132399,1,0,1,0.0,0.0,0.0,-1.127769808678172,-1.127769808678172,1.127769808678172,0.410958904109589,100.0,1,0.0,79.34506856227625,False,-161.48676463970233
sl1.10_r0.75_fb0.5,1.1,0.75,0.5,0.8,0.4993443210132399,0,0,0,,,,,0.0,0.0,0.0,0.0,0,,,False,-1000000000.0
sl1.10_r0.75_fb0.5,1.1,0.75,0.5,0.85,0.4993443210132399,0,0,0,,,,,0.0,0.0,0.0,0.0,0,,,False,-1000000000.0
sl1.10_r0.75_fb0.5,1.1,0.75,0.5,0.9,0.4993443210132399,0,0,0,,,,,0.0,0.0,0.0,0.0,0,,,False,-1000000000.0
sl1.10_r1.00_fb0.0,1.1,1.0,0.0,0.5,0.5091974065937668,8412,4069,4343,48.37137422729434,48.37137422729434,0.6462492729579619,-0.21617735909057614,-1818.4839446699266,1818.483944669926,3456.9863013698628,100.0,49,47.30444300269843,49.43979224293089,False,-147.90103255947272
sl1.10_r1.00_fb0.0,1.1,1.0,0.0,0.55,0.5091974065937668,1388,698,690,50.28818443804035,50.28818443804035,0.693316775472835,-0.18002725679362377,-249.8778324295498,253.55098908478507,570.4109589041095,100.0,48,47.660655528135884,52.91412257962207,False,-16.92719735567733
sl1.10_r1.00_fb0.0,1.1,1.0,0.0,0.6,0.5091974065937668,216,113,103,52.31481481481482,52.31481481481482,0.7702849965035272,-0.12791084625110533,-27.62874279023875,35.67929902486563,88.76712328767123,100.0,44,45.67191012928933,58.87682242263399,False,7.9805820819727495
sl1.10_r1.00_fb0.0,1.1,1.0,0.0,0.65,0.5091974065937668,62,31,31,50.0,50.0,0.6926848570704579,-0.17924153176333615,-11.112974969326842,18.972509956969954,25.479452054794518,100.0,33,37.92274119456608,62.07725880543392,False,-7.069148112343066
sl1.10_r1.00_fb0.0,1.1,1.0,0.0,0.7,0.5091974065937668,36,19,17,52.77777777777778,52.77777777777778,0.7486955072505078,-0.13997870186983852,-5.039233267314187,13.659373166852813,14.794520547945204,100.0,23,37.00593802298759,68.01395848482095,False,-2.187908866992392
sl1.10_r1.00_fb0.0,1.1,1.0,0.0,0.75,0.5091974065937668,21,10,11,47.61904761904761,47.61904761904761,0.6163085832213253,-0.23409531464328492,-4.916001607508983,12.031028777539785,8.63013698630137,100.0,16,28.34400610153417,67.63046541715558,False,-18.889510056002216
sl1.10_r1.00_fb0.0,1.1,1.0,0.0,0.8,0.5091974065937668,0,0,0,,,,,0.0,0.0,0.0,0.0,0,,,False,-1000000000.0
sl1.10_r1.00_fb0.0,1.1,1.0,0.0,0.85,0.5091974065937668,0,0,0,,,,,0.0,0.0,0.0,0.0,0,,,False,-1000000000.0
sl1.10_r1.00_fb0.0,1.1,1.0,0.0,0.9,0.5091974065937668,0,0,0,,,,,0.0,0.0,0.0,0.0,0,,,False,-1000000000.0
sl1.10_r1.00_fb0.5,1.1,1.0,0.5,0.5,0.4994754133371893,3395,1557,1838,45.86156111929308,45.86156111929308,0.6004025901761932,-0.2532147401550686,-859.664042826458,860.4446044580302,1395.2054794520548,100.0,45,44.19105798014408,47.541419000482726,False,-77.82897989580577
sl1.10_r1.00_fb0.5,1.1,1.0,0.5,0.55,0.4994754133371893,824,377,447,45.75242718446602,45.75242718446602,0.5998580598700427,-0.2539960721040432,-209.2927634137316,211.97019768626947,338.6301369863014,100.0,45,42.378393523637264,49.165881137392766,False,-26.15503038107167
sl1.10_r1.00_fb0.5,1.1,1.0,0.5,0.6,0.4994754133371893,146,73,73,50.0,50.0,0.7078495921827733,-0.17109423639215685,-24.9797585132549,28.23604202000388,60.0,100.0,41,41.99424861667034,58.00575138332966,False,1.6245156087526142
sl1.10_r1.00_fb0.5,1.1,1.0,0.5,0.65,0.4994754133371893,32,10,22,31.25,31.25,0.3204636120552998,-0.5438303493835834,-17.40257118027467,18.996542970624475,13.150684931506849,100.0,22,17.952541633609734,48.56667830095541,False,-67.45292047978738
sl1.10_r1.00_fb0.5,1.1,1.0,0.5,0.7,0.4994754133371893,9,0,9,0.0,0.0,0.0,-1.1377401614944702,-10.239661453450232,10.239661453450232,3.698630136986301,100.0,9,0.0,29.914504841954408,False,-162.29112991653176
sl1.10_r1.00_fb0.5,1.1,1.0,0.5,0.75,0.4994754133371893,2,0,2,0.0,0.0,0.0,-1.1254652700761918,-2.2509305401523836,2.2509305401523836,0.821917808219178,100.0,2,0.0,65.76197724933469,False,-161.26646929801467
sl1.10_r1.00_fb0.5,1.1,1.0,0.5,0.8,0.4994754133371893,0,0,0,,,,,0.0,0.0,0.0,0.0,0,,,False,-1000000000.0
sl1.10_r1.00_fb0.5,1.1,1.0,0.5,0.85,0.4994754133371893,0,0,0,,,,,0.0,0.0,0.0,0.0,0,,,False,-1000000000.0
sl1.10_r1.00_fb0.5,1.1,1.0,0.5,0.9,0.4994754133371893,0,0,0,,,,,0.0,0.0,0.0,0.0,0,,,False,-1000000000.0
sl1.10_r1.25_fb0.0,1.1,1.25,0.0,0.5,0.5073577212477428,7611,3214,4397,42.22835369859414,42.20207594271449,0.6584472364073365,-0.23346873608519475,-1776.9305503444173,1777.6161091909935,3127.8082191780823,100.0,49,41.12289557592026,43.34165294557699,False,-153.50039642579821
sl1.10_r1.25_fb0.0,1.1,1.25,0.0,0.55,0.5073577212477428,1434,644,790,44.90934449093445,44.83960948396095,0.7382492742254896,-0.16986409638768862,-243.58511421994547,258.1382184643926,589.3150684931506,100.0,48,42.35192192170655,47.49396831157774,False,-22.624585223200572
sl1.10_r1.25_fb0.0,1.1,1.25,0.0,0.6,0.5073577212477428,207,96,111,46.3768115942029,46.3768115942029,0.7961700676822917,-0.12731857965940985,-26.35494598949784,39.36752882577504,85.06849315068493,100.0,44,39.7112337227279,53.174415957415675,False,0.7293527005977487
sl1.10_r1.25_fb0.0,1.1,1.25,0.0,0.65,0.5073577212477428,60,24,36,40.0,40.0,0.6009632697876831,-0.2814833978716661,-16.889003872299966,28.175166282735994,24.65753424657534,100.0,33,28.56949053488255,52.63394650795924,False,-29.65829161576512
sl1.10_r1.25_fb0.0,1.1,1.25,0.0,0.7,0.5073577212477428,40,14,26,35.0,35.0,0.4722955659708918,-0.4041403148692503,-16.16561259477001,26.416741360296193,16.43835616438356,100.0,27,22.13452887317629,50.494119162742315,False,-49.281796267956814
sl1.10_r1.25_fb0.0,1.1,1.25,0.0,0.75,0.5073577212477428,22,11,11,50.0,50.0,0.8971250896467133,-0.05939402788287217,-1.3066686134231877,11.557797378949374,9.041095890410958,100.0,18,30.722106273725018,69.27789372627498,False,1.1129047092447353
sl1.10_r1.25_fb0.0,1.1,1.25,0.0,0.8,0.5073577212477428,2,2,0,100.0,100.0,inf,1.069354427079612,2.138708854159224,0.0,0.821917808219178,100.0,2,34.2380227506653,100.0,False,inf
sl1.10_r1.25_fb0.0,1.1,1.25,0.0,0.85,0.5073577212477428,0,0,0,,,,,0.0,0.0,0.0,0.0,0,,,False,-1000000000.0
sl1.10_r1.25_fb0.0,1.1,1.25,0.0,0.9,0.5073577212477428,0,0,0,,,,,0.0,0.0,0.0,0.0,0,,,False,-1000000000.0
sl1.10_r1.25_fb0.5,1.1,1.25,0.5,0.5,0.4903783499595446,3214,1268,1946,39.45239576851275,39.45239576851275,0.6040446921805535,-0.27992439612990194,-899.6770091615048,904.4437767535063,1320.821917808219,100.0,46,37.77624662461169,41.153728370225984,False,-91.42559589366346
sl1.10_r1.25_fb0.5,1.1,1.25,0.5,0.55,0.4903783499595446,766,296,470,38.642297650130544,38.642297650130544,0.5895523288436633,-0.29374900201453047,-225.01173554313033,230.06439531813388,314.79452054794524,100.0,45,35.25886127380928,42.13908241883784,False,-39.76418524738625
sl1.10_r1.25_fb0.5,1.1,1.25,0.5,0.6,0.4903783499595446,139,48,91,34.53237410071942,34.53237410071942,0.5025210267990672,-0.37887617187362915,-52.66378789043445,52.663787890434456,57.12328767123288,100.0,41,27.139901846127852,42.75679316454339,False,-39.33513260622097
sl1.10_r1.25_fb0.5,1.1,1.25,0.5,0.65,0.4903783499595446,9,1,8,11.11111111111111,11.11111111111111,0.11105002415166666,-0.9442397535158739,-8.498157781642865,8.498157781642865,3.698630136986301,100.0,7,1.9890887638544907,43.4999705576656,False,-130.56099528431645
sl1.10_r1.25_fb0.5,1.1,1.25,0.5,0.7,0.4903783499595446,0,0,0,,,,,0.0,0.0,0.0,0.0,0,,,False,-1000000000.0
sl1.10_r1.25_fb0.5,1.1,1.25,0.5,0.75,0.4903783499595446,0,0,0,,,,,0.0,0.0,0.0,0.0,0,,,False,-1000000000.0
sl1.10_r1.25_fb0.5,1.1,1.25,0.5,0.8,0.4903783499595446,0,0,0,,,,,0.0,0.0,0.0,0.0,0,,,False,-1000000000.0
sl1.10_r1.25_fb0.5,1.1,1.25,0.5,0.85,0.4903783499595446,0,0,0,,,,,0.0,0.0,0.0,0.0,0,,,False,-1000000000.0
sl1.10_r1.25_fb0.5,1.1,1.25,0.5,0.9,0.4903783499595446,0,0,0,,,,,0.0,0.0,0.0,0.0,0,,,False,-1000000000.0
sl1.10_r1.50_fb0.0,1.1,1.5,0.0,0.5,0.5044230180762932,6932,2645,4287,38.156376226197345,38.098672821696475,0.6863594670063577,-0.22930437426979383,-1589.537922438211,1596.7086877377567,2848.7671232876714,100.0,49,37.01969779638241,39.30617398501799,False,-143.40586088101026
sl1.10_r1.50_fb0.0,1.1,1.5,0.0,0.55,0.5044230180762932,1404,564,840,40.17094017094017,40.17094017094017,0.7517737629387992,-0.17476656165028173,-245.37225255699553,250.22478904603545,576.986301369863,100.0,48,37.63677440312148,42.758745399854284,False,-28.056814639612686
sl1.10_r1.50_fb0.0,1.1,1.5,0.0,0.6,0.5044230180762932,191,75,116,39.26701570680628,39.26701570680628,0.7359464052558091,-0.1861559192777041,-35.555780582041486,49.607858676208885,78.4931506849315,100.0,44,32.61836854265013,46.33888200958943,False,-14.189820635217782
sl1.10_r1.50_fb0.0,1.1,1.5,0.0,0.65,0.5044230180762932,69,29,40,42.028985507246375,42.028985507246375,0.8283840185144673,-0.11579173137467658,-7.989629464852683,24.97762462530736,28.356164383561644,100.0,32,31.10611534112484,53.79259457203395,False,-10.06818187521613
sl1.10_r1.50_fb0.0,1.1,1.5,0.0,0.7,0.5044230180762932,41,13,28,31.70731707317073,31.70731707317073,0.5183918642360469,-0.38466058315094326,-15.771083909188674,28.841210956545353,16.84931506849315,100.0,26,19.564613898988576,46.98419964434429,False,-51.32442577923825
sl1.10_r1.50_fb0.0,1.1,1.5,0.0,0.75,0.5044230180762932,17,6,11,35.294117647058826,35.294117647058826,0.6288630260211968,-0.27771044173181114,-4.721077509440789,12.720579840989988,6.986301369863013,100.0,13,17.309720397243744,58.69963651478132,False,-38.009011693141424
sl1.10_r1.50_fb0.0,1.1,1.5,0.0,0.8,0.5044230180762932,1,1,0,100.0,100.0,inf,1.3348423502169322,1.3348423502169322,0.0,0.410958904109589,100.0,1,20.654931437723747,100.0,False,inf
sl1.10_r1.50_fb0.0,1.1,1.5,0.0,0.85,0.5044230180762932,0,0,0,,,,,0.0,0.0,0.0,0.0,0,,,False,-1000000000.0
sl1.10_r1.50_fb0.0,1.1,1.5,0.0,0.9,0.5044230180762932,0,0,0,,,,,0.0,0.0,0.0,0.0,0,,,False,-1000000000.0
sl1.10_r1.50_fb0.5,1.1,1.5,0.5,0.5,0.4875971618499654,2987,1030,1957,34.48275862068966,34.48275862068966,0.5975414891710394,-0.3087775311408752,-922.3184855177942,929.7759557353171,1227.5342465753424,100.0,45,32.79911932538816,36.206258834458474,False,-102.04501689072151
sl1.10_r1.50_fb0.5,1.1,1.5,0.5,0.55,0.4875971618499654,705,250,455,35.46099290780142,35.46099290780142,0.6319003133640586,-0.2762501006595928,-194.75632096501295,198.70458827449303,289.7260273972603,100.0,45,32.01714060284717,39.06242910219515,False,-39.287723254530775
sl1.10_r1.50_fb0.5,1.1,1.5,0.5,0.6,0.4875971618499654,109,39,70,35.77981651376147,35.77981651376147,0.6466329048615715,-0.2644100263831092,-28.820692875758898,33.840048113022576,44.794520547945204,100.0,35,27.40627128789262,45.121556405952404,False,-28.379835956413356
sl1.10_r1.50_fb0.5,1.1,1.5,0.5,0.65,0.4875971618499654,11,4,7,36.36363636363637,36.36363636363637,0.6636437588215954,-0.2493601820795827,-2.7429620028754096,6.885701533803964,4.520547945205479,100.0,9,15.166471095367573,64.6198825492151,False,-34.15469002934228
sl1.10_r1.50_fb0.5,1.1,1.5,0.5,0.7,0.4875971618499654,0,0,0,,,,,0.0,0.0,0.0,0.0,0,,,False,-1000000000.0
sl1.10_r1.50_fb0.5,1.1,1.5,0.5,0.75,0.4875971618499654,0,0,0,,,,,0.0,0.0,0.0,0.0,0,,,False,-1000000000.0
sl1.10_r1.50_fb0.5,1.1,1.5,0.5,0.8,0.4875971618499654,0,0,0,,,,,0.0,0.0,0.0,0.0,0,,,False,-1000000000.0
sl1.10_r1.50_fb0.5,1.1,1.5,0.5,0.85,0.4875971618499654,0,0,0,,,,,0.0,0.0,0.0,0.0,0,,,False,-1000000000.0
sl1.10_r1.50_fb0.5,1.1,1.5,0.5,0.9,0.4875971618499654,0,0,0,,,,,0.0,0.0,0.0,0.0,0,,,False,-1000000000.0
sl1.40_r0.75_fb0.0,1.4,0.75,0.0,0.5,0.5137179440911166,8479,4722,3757,55.69052954357825,55.67873569996462,0.6433360589101658,-0.1828483691617707,-1550.3713221226537,1551.6617800964414,3484.520547945205,100.0,49,54.63084872137255,56.74505644772106,False,-114.78683331637167
sl1.40_r0.75_fb0.0,1.4,0.75,0.0,0.55,0.5137179440911166,1872,1064,808,56.837606837606835,56.837606837606835,0.68338515281652,-0.15650761612137287,-292.98225737921,297.0181508168683,769.3150684931506,100.0,49,54.58215389325174,59.06505487251157,False,-10.47555540717087
sl1.40_r0.75_fb0.0,1.4,0.75,0.0,0.6,0.5137179440911166,260,153,107,58.84615384615385,58.84615384615385,0.7615929861443774,-0.11115965418482031,-28.90151008805328,29.55644680568247,106.84931506849315,100.0,47,52.77795094719144,64.65676162815915,False,17.776248037917636
sl1.40_r0.75_fb0.0,1.4,0.75,0.0,0.65,0.5137179440911166,75,41,34,54.666666666666664,54.666666666666664,0.6302799991028178,-0.19029820190136437,-14.272365142602327,20.772319484462926,30.821917808219183,100.0,35,43.44837385429269,65.43020361586778,False,-1.5731300485681996
sl1.40_r0.75_fb0.0,1.4,0.75,0.0,0.7,0.5137179440911166,30,17,13,56.666666666666664,56.666666666666664,0.6626798731830562,-0.16571945937747062,-4.971583781324119,8.434347760282343,12.32876712328767,100.0,24,39.19730700081361,72.62251442353347,False,-0.4398619272441968
sl1.40_r0.75_fb0.0,1.4,0.75,0.0,0.75,0.5137179440911166,6,2,4,33.33333333333333,33.33333333333333,0.24135381328482589,-0.580366387929749,-3.4821983275784945,3.4821983275784945,2.4657534246575343,100.0,4,9.677141110578042,70.0006684861608,False,-70.16549187203638
sl1.40_r0.75_fb0.0,1.4,0.75,0.0,0.8,0.5137179440911166,0,0,0,,,,,0.0,0.0,0.0,0.0,0,,,False,-1000000000.0
sl1.40_r0.75_fb0.0,1.4,0.75,0.0,0.85,0.5137179440911166,0,0,0,,,,,0.0,0.0,0.0,0.0,0,,,False,-1000000000.0
sl1.40_r0.75_fb0.0,1.4,0.75,0.0,0.9,0.5137179440911166,0,0,0,,,,,0.0,0.0,0.0,0.0,0,,,False,-1000000000.0
sl1.40_r0.75_fb0.5,1.4,0.75,0.5,0.5,0.4939865105314339,4051,2171,1880,53.591705751666254,53.591705751666254,0.6011171975039103,-0.21311922597009006,-863.3459844048348,865.3732058053181,1664.7945205479452,100.0,46,52.053301528541155,55.12330458430632,False,-65.3349268275448
sl1.40_r0.75_fb0.5,1.4,0.75,0.5,0.55,0.4939865105314339,1033,538,495,52.08131655372701,52.08131655372701,0.5689291499024676,-0.2369207384698859,-244.73912283939214,244.73912283939228,424.52054794520546,100.0,45,49.03281326958894,55.11439743790998,False,-19.801269892818738
sl1.40_r0.75_fb0.5,1.4,0.75,0.5,0.6,0.4939865105314339,158,74,84,46.835443037974684,46.835443037974684,0.47162007342224976,-0.32404986910607253,-51.19987931875946,51.901719968656565,64.93150684931507,100.0,43,39.22239799891838,54.598715532269516,False,-19.02318309388633
sl1.40_r0.75_fb0.5,1.4,0.75,0.5,0.65,0.4939865105314339,17,9,8,52.94117647058824,52.94117647058824,0.6224029425017015,-0.20325323512573007,-3.4553049971374112,5.9950465769302195,6.986301369863013,100.0,12,30.963235060004422,73.83489355759056,False,-9.625140995616597
sl1.40_r0.75_fb0.5,1.4,0.75,0.5,0.7,0.4939865105314339,0,0,0,,,,,0.0,0.0,0.0,0.0,0,,,False,-1000000000.0
sl1.40_r0.75_fb0.5,1.4,0.75,0.5,0.75,0.4939865105314339,0,0,0,,,,,0.0,0.0,0.0,0.0,0,,,False,-1000000000.0
sl1.40_r0.75_fb0.5,1.4,0.75,0.5,0.8,0.4939865105314339,0,0,0,,,,,0.0,0.0,0.0,0.0,0,,,False,-1000000000.0
sl1.40_r0.75_fb0.5,1.4,0.75,0.5,0.85,0.4939865105314339,0,0,0,,,,,0.0,0.0,0.0,0.0,0,,,False,-1000000000.0
sl1.40_r0.75_fb0.5,1.4,0.75,0.5,0.9,0.4939865105314339,0,0,0,,,,,0.0,0.0,0.0,0.0,0,,,False,-1000000000.0
sl1.40_r1.00_fb0.0,1.4,1.0,0.0,0.5,0.5121009201176246,7418,3621,3797,48.8136964141278,48.75977352386088,0.6937392861959607,-0.18119621784524667,-1344.1135439760399,1354.1818745968992,3048.4931506849316,100.0,49,47.67710205494555,49.95151880718795,False,-106.85026443580912
sl1.40_r1.00_fb0.0,1.4,1.0,0.0,0.55,0.5121009201176246,1639,817,822,49.84746796827334,49.84746796827334,0.7274012702432502,-0.15738196396729745,-257.94903894240053,265.6297004842499,673.5616438356165,100.0,48,47.430036442883775,52.265612825452266,False,-16.224846248160105
sl1.40_r1.00_fb0.0,1.4,1.0,0.0,0.6,0.5121009201176246,209,105,104,50.23923444976076,50.23923444976076,0.744203396643668,-0.1460342032479407,-30.521148478819605,49.60222803823328,85.89041095890411,100.0,47,43.51776580680797,56.95206746981998,False,2.6262083659580573
sl1.40_r1.00_fb0.0,1.4,1.0,0.0,0.65,0.5121009201176246,58,30,28,51.724137931034484,51.724137931034484,0.7888560016817058,-0.11630606593393852,-6.745751824168434,19.542215491227523,23.835616438356162,100.0,33,39.16226178340948,64.07181457594501,False,0.6495569361347415
sl1.40_r1.00_fb0.0,1.4,1.0,0.0,0.7,0.5121009201176246,14,8,6,57.14285714285714,57.14285714285714,0.977969958124001,-0.010709722422816441,-0.14993611391943018,5.189856067250796,5.7534246575342465,100.0,13,32.59064457965074,78.61920109552588,False,14.087289593011507
sl1.40_r1.00_fb0.0,1.4,1.0,0.0,0.75,0.5121009201176246,2,1,1,50.0,50.0,0.6597878058284753,-0.18763300445883052,-0.37526600891766104,1.1030351508460723,0.821917808219178,100.0,2,9.453120573423075,90.54687942657694,False,-12.716215630238766
sl1.40_r1.00_fb0.0,1.4,1.0,0.0,0.8,0.5121009201176246,0,0,0,,,,,0.0,0.0,0.0,0.0,0,,,False,-1000000000.0
sl1.40_r1.00_fb0.0,1.4,1.0,0.0,0.85,0.5121009201176246,0,0,0,,,,,0.0,0.0,0.0,0.0,0,,,False,-1000000000.0
sl1.40_r1.00_fb0.0,1.4,1.0,0.0,0.9,0.5121009201176246,0,0,0,,,,,0.0,0.0,0.0,0.0,0,,,False,-1000000000.0
sl1.40_r1.00_fb0.5,1.4,1.0,0.5,0.5,0.4909098994750386,3760,1728,2032,45.95744680851064,45.95744680851064,0.6257587177284615,-0.23240826733872477,-873.8550851936052,890.5472061960141,1545.2054794520548,100.0,47,44.369438185580314,47.55370726764898,False,-78.123787505683
sl1.40_r1.00_fb0.5,1.4,1.0,0.5,0.55,0.4909098994750386,1065,484,581,45.44600938967136,45.44600938967136,0.6142888869890029,-0.24203762746869614,-257.7700732541614,270.09021215590633,437.6712328767123,100.0,45,42.47727504331733,48.44747818369308,False,-30.024235840629785
sl1.40_r1.00_fb0.5,1.4,1.0,0.5,0.6,0.4909098994750386,196,82,114,41.83673469387755,41.83673469387755,0.5478601961593068,-0.3022633928267117,-59.24362499403549,60.24185507380409,80.54794520547945,100.0,43,35.15260187778072,48.83470476577633,False,-23.323984459411136
sl1.40_r1.00_fb0.5,1.4,1.0,0.5,0.65,0.4909098994750386,20,6,14,30.0,30.0,0.33158327974349733,-0.5390802622660591,-10.781605245321181,12.660702083770525,8.21917808219178,100.0,17,14.54772448676043,51.89728183535235,False,-69.1843358891066
sl1.40_r1.00_fb0.5,1.4,1.0,0.5,0.7,0.4909098994750386,2,0,2,0.0,0.0,0.0,-1.0886325804793682,-2.1772651609587363,2.1772651609587363,0.821917808219178,100.0,2,0.0,65.76197724933469,False,-157.94563400396507
sl1.40_r1.00_fb0.5,1.4,1.0,0.5,0.75,0.4909098994750386,0,0,0,,,,,0.0,0.0,0.0,0.0,0,,,False,-1000000000.0
sl1.40_r1.00_fb0.5,1.4,1.0,0.5,0.8,0.4909098994750386,0,0,0,,,,,0.0,0.0,0.0,0.0,0,,,False,-1000000000.0
sl1.40_r1.00_fb0.5,1.4,1.0,0.5,0.85,0.4909098994750386,0,0,0,,,,,0.0,0.0,0.0,0.0,0,,,False,-1000000000.0
sl1.40_r1.00_fb0.5,1.4,1.0,0.5,0.9,0.4909098994750386,0,0,0,,,,,0.0,0.0,0.0,0.0,0,,,False,-1000000000.0
sl1.40_r1.25_fb0.0,1.4,1.25,0.0,0.5,0.5090040004574723,6273,2695,3578,42.96190020723737,42.91407619958553,0.7093282847708198,-0.19177675626294458,-1203.0155920374514,1206.2943179635374,2577.945205479452,100.0,49,41.741578775761546,44.19083634428039,False,-102.92036943271367
sl1.40_r1.25_fb0.0,1.4,1.25,0.0,0.55,0.5090040004574723,1532,695,837,45.36553524804178,45.36553524804178,0.7915057611092403,-0.1309662065021886,-200.64022836135294,227.68738253837788,629.5890410958905,100.0,49,42.88726103446779,47.86699298150105,False,-15.898855102139652
sl1.40_r1.25_fb0.0,1.4,1.25,0.0,0.6,0.5090040004574723,238,102,136,42.857142857142854,42.857142857142854,0.7284259611244143,-0.17659373656428798,-42.02930930230054,67.8408484108771,97.8082191780822,100.0,46,36.732575978525084,49.20862692117778,False,-10.514443572806563
sl1.40_r1.25_fb0.0,1.4,1.25,0.0,0.65,0.5090040004574723,74,30,44,40.54054054054054,40.54054054054054,0.6484183323048827,-0.24087719610960065,-17.824912512110448,30.92461420951185,30.41095890410959,100.0,36,30.09056446255579,51.92416109359206,False,-23.902998478406918
sl1.40_r1.25_fb0.0,1.4,1.25,0.0,0.7,0.5090040004574723,40,19,21,47.5,47.5,0.8486580931426951,-0.0911269642451239,-3.645078569804956,17.677578420624727,16.43835616438356,100.0,27,32.9354701126789,62.502637893307536,False,-3.59036384793549
sl1.40_r1.25_fb0.0,1.4,1.25,0.0,0.75,0.5090040004574723,20,10,10,50.0,50.0,0.9437246668681737,-0.03213168829459123,-0.6426337658918246,9.363480852735753,8.21917808219178,100.0,17,29.929800819821228,70.07019918017878,False,3.7307126157198134
sl1.40_r1.25_fb0.0,1.4,1.25,0.0,0.8,0.5090040004574723,0,0,0,,,,,0.0,0.0,0.0,0.0,0,,,False,-1000000000.0
sl1.40_r1.25_fb0.0,1.4,1.25,0.0,0.85,0.5090040004574723,0,0,0,,,,,0.0,0.0,0.0,0.0,0,,,False,-1000000000.0
sl1.40_r1.25_fb0.0,1.4,1.25,0.0,0.9,0.5090040004574723,0,0,0,,,,,0.0,0.0,0.0,0.0,0,,,False,-1000000000.0
sl1.40_r1.25_fb0.5,1.4,1.25,0.5,0.5,0.4992198380518825,3227,1306,1921,40.471025720483425,40.40904865199876,0.6506741869513423,-0.2384374545693981,-769.4376658954477,780.2258096243478,1326.164383561644,100.0,45,38.789825915659655,42.17488535728272,False,-76.30273439572295
sl1.40_r1.25_fb0.5,1.4,1.25,0.5,0.55,0.4992198380518825,816,326,490,39.950980392156865,39.82843137254902,0.6429037082245974,-0.2438879263927617,-199.01254793649355,207.89832947251273,335.3424657534247,100.0,45,36.64499589994733,43.3511364942467,False,-31.66888142217001
sl1.40_r1.25_fb0.5,1.4,1.25,0.5,0.6,0.4992198380518825,169,59,110,34.9112426035503,34.9112426035503,0.5307933954694707,-0.346459282235146,-58.55161869773968,60.79643283505014,69.45205479452055,100.0,44,28.132121484284724,42.36106901064889,False,-35.745269622671636
sl1.40_r1.25_fb0.5,1.4,1.25,0.5,0.65,0.4992198380518825,28,9,19,32.142857142857146,32.142857142857146,0.46907732524993073,-0.40580768115598503,-11.36261507236758,15.688799153491363,11.506849315068493,100.0,22,17.93324692249496,50.661156819142384,False,-53.25257806551889
sl1.40_r1.25_fb0.5,1.4,1.25,0.5,0.7,0.4992198380518825,3,1,2,33.33333333333333,33.33333333333333,0.5544199380183911,-0.3235459665467832,-0.9706378996403495,1.1325602752980868,1.2328767123287672,100.0,3,6.149194472039621,79.23403991979522,False,-45.372703066553214
sl1.40_r1.25_fb0.5,1.4,1.25,0.5,0.75,0.4992198380518825,0,0,0,,,,,0.0,0.0,0.0,0.0,0,,,False,-1000000000.0
sl1.40_r1.25_fb0.5,1.4,1.25,0.5,0.8,0.4992198380518825,0,0,0,,,,,0.0,0.0,0.0,0.0,0,,,False,-1000000000.0
sl1.40_r1.25_fb0.5,1.4,1.25,0.5,0.85,0.4992198380518825,0,0,0,,,,,0.0,0.0,0.0,0.0,0,,,False,-1000000000.0
sl1.40_r1.25_fb0.5,1.4,1.25,0.5,0.9,0.4992198380518825,0,0,0,,,,,0.0,0.0,0.0,0.0,0,,,False,-1000000000.0
sl1.40_r1.50_fb0.0,1.4,1.5,0.0,0.5,0.5111015139691055,5686,2197,3489,38.63876187126275,38.35736897643334,0.7268034612102942,-0.1937106772288327,-1101.4389107231427,1106.088587025343,2336.7123287671234,100.0,49,37.38121641732415,39.911648254729705,False,-100.18435775427236
sl1.40_r1.50_fb0.0,1.4,1.5,0.0,0.55,0.5111015139691055,1779,725,1054,40.75323215289489,40.58459808881394,0.7980125380310135,-0.1379379667968562,-245.39164293160715,263.49018615075295,731.0958904109589,100.0,49,38.49217506371725,43.0541369556574,False,-24.896298045535147
sl1.40_r1.50_fb0.0,1.4,1.5,0.0,0.6,0.5111015139691055,304,132,172,43.42105263157895,43.42105263157895,0.9066367958003476,-0.06024566694548084,-18.314682751426176,44.95727591581385,124.93150684931506,100.0,48,37.96569853829391,49.040600043698454,False,3.249297860037129
sl1.40_r1.50_fb0.0,1.4,1.5,0.0,0.65,0.5111015139691055,78,30,48,38.46153846153847,38.46153846153847,0.7394917597578827,-0.18212108329498802,-14.205444497009065,30.509120494129,32.054794520547944,100.0,39,28.449042755668412,49.55721439153607,False,-20.235338524367595
sl1.40_r1.50_fb0.0,1.4,1.5,0.0,0.7,0.5111015139691055,40,18,22,45.0,45.0,0.9578582630021404,-0.02631306481359693,-1.0525225925438773,18.743283146672564,16.43835616438356,100.0,29,30.70530781090492,60.17090820106794,False,-0.38324022124302837
sl1.40_r1.50_fb0.0,1.4,1.5,0.0,0.75,0.5111015139691055,15,11,4,73.33333333333333,73.33333333333333,3.082763450845753,0.65753280935516,9.8629921403274,2.4399637309354123,6.164383561643835,100.0,14,48.04956594401943,89.10254667430762,False,99.77804423809741
sl1.40_r1.50_fb0.0,1.4,1.5,0.0,0.8,0.5111015139691055,0,0,0,,,,,0.0,0.0,0.0,0.0,0,,,False,-1000000000.0
sl1.40_r1.50_fb0.0,1.4,1.5,0.0,0.85,0.5111015139691055,0,0,0,,,,,0.0,0.0,0.0,0.0,0,,,False,-1000000000.0
sl1.40_r1.50_fb0.0,1.4,1.5,0.0,0.9,0.5111015139691055,0,0,0,,,,,0.0,0.0,0.0,0.0,0,,,False,-1000000000.0
sl1.40_r1.50_fb0.5,1.4,1.5,0.5,0.5,0.49962869686649447,3212,1158,2054,36.05230386052304,35.70983810709838,0.6616018699625315,-0.24763581420804873,-795.4062352362525,816.6136691338791,1320.0,100.0,46,34.40937185506299,37.72855809349303,False,-85.29129522498415
sl1.40_r1.50_fb0.5,1.4,1.5,0.5,0.55,0.49962869686649447,958,346,612,36.11691022964509,35.908141962421716,0.667738352179861,-0.2429931437211601,-232.78743168487136,248.16534710530365,393.6986301369863,100.0,45,33.13625061983235,39.208464035518396,False,-39.29057100030887
sl1.40_r1.50_fb0.5,1.4,1.5,0.5,0.6,0.49962869686649447,210,64,146,30.476190476190478,30.476190476190478,0.5291782213466104,-0.37090371777102027,-77.88978073191426,85.2577414287347,86.30136986301369,100.0,44,24.647466175873628,37.00636818710791,False,-45.232681495238026
sl1.40_r1.50_fb0.5,1.4,1.5,0.5,0.65,0.49962869686649447,45,6,39,13.333333333333334,13.333333333333334,0.18242814524971493,-0.7949807328246419,-35.774132977108884,37.564690266333706,18.493150684931507,100.0,29,6.257148747568076,26.177301826177068,False,-112.58959290892233
sl1.40_r1.50_fb0.5,1.4,1.5,0.5,0.7,0.49962869686649447,17,1,16,5.88235294117647,5.88235294117647,0.07487806711532725,-0.9781526732991376,-16.62859544608534,16.805588420183444,6.986301369863013,100.0,16,1.046040098499759,26.982030637575406,False,-139.99513096500203
sl1.40_r1.50_fb0.5,1.4,1.5,0.5,0.75,0.49962869686649447,1,0,1,0.0,0.0,0.0,-1.1454546960700367,-1.1454546960700367,1.1454546960700367,0.410958904109589,100.0,1,0.0,79.34506856227625,False,-163.07981929596147
sl1.40_r1.50_fb0.5,1.4,1.5,0.5,0.8,0.49962869686649447,0,0,0,,,,,0.0,0.0,0.0,0.0,0,,,False,-1000000000.0
sl1.40_r1.50_fb0.5,1.4,1.5,0.5,0.85,0.49962869686649447,0,0,0,,,,,0.0,0.0,0.0,0.0,0,,,False,-1000000000.0
sl1.40_r1.50_fb0.5,1.4,1.5,0.5,0.9,0.49962869686649447,0,0,0,,,,,0.0,0.0,0.0,0.0,0,,,False,-1000000000.0
